author,title,source
Biocow, Urine for a great meal!,YouTube
BrainbowBrite99, Blind Boy MaGee with his Floating Stones,YouTube
BrainbowBrite99, Bush Jerkman,YouTube
BrainbowBrite99, Cheese and Octopus Feet,YouTube
BrainbowBrite99, My Source is Seranex,YouTube
BrainbowBrite99, Panting Away the Sweat,YouTube
BrainbowBrite99, Smelling like Dog or Poison,YouTube
Ian L (i_am_scifi), Absolute Major Spoilers with Stephen,YouTube
Ian L (i_am_scifi), Familygiving,YouTube
Ian L (i_am_scifi)," I Don't Want None, Not Even Steamed Buns, Hon",YouTube
Ian L (i_am_scifi), Isn't There a Score Called Twenty Something?,YouTube
Ian L (i_am_scifi), Live Your Best Nerd Life,YouTube
Ian L (i_am_scifi)," Ohio, Open the Iris!",YouTube
Ian L (i_am_scifi), Squirt the Ketchup Into the Thing,YouTube
Ian L (i_am_scifi)," The Couple That I Married, Not Like That",YouTube
Ian L (i_am_scifi), The Osbourne of Oz,YouTube
Ikcor, (s) 76 Trombones and Shark Attacks,YouTube
Ikcor, Balls to the Mouth Pit,YouTube
Ikcor, Down and Out Chinese Food,YouTube
Ikcor, Family Giving,YouTube
Ikcor, Hallmark of Hallmark,YouTube
Ikcor, Poo Poo the Cucumber,YouTube
JKGrammer, Arm Pit Tortillas,YouTube
JKGrammer, Vacuum sealed hamsters,YouTube
JayFunktastic, A shark licked me!!,YouTube
JayFunktastic, Brian “Ballpit” Ibbott,YouTube
JayFunktastic, I don’t like food covered in Peeeeeeeee!!,YouTube
JayFunktastic, Nice Oily Bag,YouTube
JayFunktastic, Stargate: Miami,YouTube
JayFunktastic, Too many Recommenations! With Stephen,YouTube
JayFunktastic, cheese and octopus feet,YouTube
JayFunktastic, dump the ketchup into the thing,YouTube
JayFunktastic, the balls were massive,YouTube
Matthew Sargent, Cheddarpus Burger,YouTube
Matthew Sargent, Double-O Alfred,YouTube
Matthew Sargent, Licking the Floor of the Ball Pit,YouTube
Matthew Sargent, Paragons of Heroism with Stephen,YouTube
Matthew Sargent, Who Runs Bubbleland? The Ibbots Run Bubbleland!,YouTube
Monica Stone, (s) Suddenly Soaking... in Pee,YouTube
Monica Stone, Chicken Masada War,YouTube
Monica Stone, Piss-keeping the Guests,YouTube
Monica Stone, The Brian Says Moops,YouTube
Red Fraggle, Amuse bouche of nuts,YouTube
Red Fraggle, I don't like food with peeeeeeeee,YouTube
Red Fraggle, Is it too early for an octopus sandwich?,YouTube
Red Fraggle, My niece that I married,YouTube
Red Fraggle, Rubber Ducky Farts,YouTube
Red Fraggle, Stargate Miami,YouTube
Red Fraggle, The Pikachuness,YouTube
Searanex," ""Are you ok?"" ""No!""",YouTube
Searanex, (preshow) Netflix dreaming,YouTube
Searanex, Canadian Ted,YouTube
Searanex, Characters getting their Dew,YouTube
Searanex, Cheese and stupid,YouTube
Searanex, Fight against famous,YouTube
Searanex, Hot Frosty,YouTube
Searanex, Mouth breath,YouTube
Searanex, Nailing Christmas movie plots,YouTube
Searanex, No screwing the foam,YouTube
Searanex, Noon Mountain,YouTube
Searanex, Norse wieners,YouTube
Searanex, Octopus forward,YouTube
Searanex, Putting things in things,YouTube
Searanex, Removing the Pikachuness,YouTube
Searanex, Scott describes games badly,YouTube
Searanex, Seriously Scandinavian,YouTube
Searanex, Snowman bum bum,YouTube
Searanex, SpongeBob cutoff,YouTube
Searanex, The most cracked out deaths,YouTube
Searanex, Too much nothing,YouTube
Searanex, Unpokeyourmon,YouTube
SilverwispMK, Salty Stargate,YouTube
Stephen Schleicher, poo-pooing the cucumber,YouTube
Talia James, Crisis on Infinite Stargates,YouTube
Talia James, Super Teutoburger Wold,YouTube
Talia James, Swallowing Sadness,YouTube
TheWraith86, Kim Interrupted,YouTube
TheWraith86," Sea Food, Eat Food",YouTube
Thomas Chambers, Scott Does Math,YouTube
Thomas Chambers, That's Ruff,YouTube
Tim Russell, Soursoft - It's a Flavor,YouTube
Tim Watson (TRPW), (s) Get Out of My Dreams. And Puke in my Car,YouTube
Tim Watson (TRPW), Amuse Bouche Deez Nutz,YouTube
Tim Watson (TRPW), Atlantis Morrisette,YouTube
Tim Watson (TRPW), Balls Along the way down. (Until you get to the pee),YouTube
Tim Watson (TRPW), Headlong into Thanksgiving,YouTube
Tim Watson (TRPW), Hot Liquid Dirt,YouTube
Tim Watson (TRPW), Octopus Forward,YouTube
Tim Watson (TRPW), Rubber Ducky Plunge,YouTube
Tim Watson (TRPW), Something Something Darkseid with Stephen,YouTube
Tim Watson (TRPW), Thanksgiving Ringing Tree,YouTube
Tom Norman, Massive Balls,YouTube
ZoeBringsBacon, Brian's 3D Chicken Thanksgiving Responsibilities,YouTube
ZoeBringsBacon, Drink Water With Stephen,YouTube
ZoeBringsBacon, It's 76 For A Reason,YouTube
ZoeBringsBacon, Landsharks Count,YouTube
ZoeBringsBacon," Massive Pit, Massive Balls",YouTube
ZoeBringsBacon, Real Stargate Of Salt Lake City,YouTube
ZoeBringsBacon," Time, How Does It Work, Because I REALLY Want To Know!",YouTube
ZoeBringsBacon, Wider Ketchup Experience,YouTube
klchu, Test 2,YouTube
naughtomaton, Accidentally doing porn,YouTube
naughtomaton, Mass duck squeak,YouTube
trpw,(s) Mister Blue Sky (ELO),showbot
trpw,DreamFlix,showbot
