title,episode_number
"547: Doing ""Stares"" at the Gym",547.0
TMS 558: Pokemon!,558.0
TMS 569: The Animated Pope,569.0
TMSPM 580: All hail Lord Nerzook!,580.0
TMS 592: There are Spider Men everywhere!,592.0
TMS 605: New name for a day,605.0
TMSPM 624: Crystal Metheny,624.0
TMSPM 632: More Dots,632.0
TMS 648: What have we here,648.0
TMS 650: In Sprite of the Banana,650.0
TMS 654: Parking Lots & Dirty Sweden,654.0
TMS 657: Knife from the sky,657.0
TMS 666: The Devil Episode,666.0
667: Lag me a river,667.0
TMS 676: Bag of tiny what?,676.0
TMS 679: Third Man!,679.0
TMS 680: Gotta Get Grocer,680.0
TMS 682: Make me a third one,682.0
TMS 683: Figurative Nine Hours,683.0
TMS 684: Butt Bend,684.0
TMSPM 686: Beev Dawg!,686.0
TMS 688: Showtime Jerks,688.0
TMS 691: The Morning Show 64,691.0
TMS 692: Hippity-Hoppity (2),692.0
TMS 693: Mountain Related,693.0
TMSPM 695,695.0
TMS 696: Nice day to start again,696.0
TMS 697: Your First Time,697.0
TMS 698: Gimmie Gimmie,698.0
TMS 699: All these gates,699.0
TMS 704,704.0
TMS 705: Near Field Miscommunication,705.0
TMS 707: Melt Cheese,707.0
TMS 709: Fade Into Us,709.0
TMS 710: Done Deliberate,710.0
TMS 711: Pocket full of Chells,711.0
TMS 714: Two Bits,714.0
TMS 715: You ate my cookies!,715.0
tms pm 716,716.0
TMS 717,717.0
TMS 719: Uber Cocky,719.0
TMS 720,720.0
TMS 721: The Yellow Blur,721.0
TMS 725: Move the Micro,725.0
TMS 726: The DMV Gods,726.0
TMS 727: Pew Pew,727.0
TMS 729: Imagine All The Peep Hole,729.0
TMS 735: Cereal,735.0
TMS 736: Spood Beast,736.0
TMS 737: Puddle of Mood,737.0
TMS 739: All about that base are belond to us,739.0
TMS 740,740.0
TMS 741: Get off the road!,741.0
TMS 743,743.0
tms pm 745,745.0
TMS 746: Nobody pees in the Notch pool,746.0
TMS 747: Genius McGenius,747.0
TMS 748: Closing Loopholes,748.0
TMS 749: 50 ways to leave your bubbler,749.0
TMS 753: Horse Butts,753.0
TMS: 755: Rastlin,755.0
New TMS 756,756.0
TMS 758: Run the freaking ball!,758.0
TMS 759: Greatly Appreciated,759.0
TMS 761: Don't Feel The Reaper,761.0
TMS 763: Slowly Drive On By,763.0
TMS 764: Shpridermans,764.0
TMS 768,768.0
TMS 769: Run for the hills,769.0
TMS 772: My Banana Says Run,772.0
TMS 773,773.0
TMS 774,774.0
TMS 781,781.0
"TMS 782: Oops, I deet eet again!",782.0
TMS 783: Roof Pizza,783.0
TMS 786: Mud Covered Police,786.0
TMS 787: Chese covered horse face,787.0
TMS 791: FroggyStyle,791.0
TMS - 792,792.0
TMS 793: In your dreams,793.0
TMS 797,797.0
TMS 799: Grown Ass Woman,799.0
TMS 800: Pound Gorilla,800.0
TMS 801,801.0
TMS 802,802.0
TMSPM 803,803.0
TMS 805,805.0
TMS 812,812.0
TMS 813: Show Classic,813.0
TMS PM 815,815.0
TMS 816,816.0
TMS 817: Please don't be bad.,817.0
819: T-Shirt Offense,819.0
TMSPM 820,820.0
"823: This time, legally.",823.0
TMS 824,824.0
TMS 829,829.0
TMS 830 Mythical Burrito,830.0
TMS 831,831.0
TMSPM 832,832.0
TMS 834,834.0
838: Spins a web any size,838.0
TMS 839,839.0
TMS 843,843.0
TMS 844,844.0
TMS 846,846.0
TMS 847: Selfie Stuck,847.0
TMS 849,849.0
TMS 850,850.0
TMSPM 851,851.0
TMS 854,854.0
TMS PM 856,856.0
TMS 857,857.0
TMS 858,858.0
TMS 859,859.0
TMS 861,861.0
TMS 862,862.0
TMSPM 863,863.0
TMS 870,870.0
TMS 875,875.0
TMS 877,877.0
TMS 879,879.0
TMS 902,902.0
TMSPM 904,904.0
TMS 906,906.0
TMS 909,909.0
TMSPM 1562,1562.0
TMS 1563 Part 1,1563.0
TMS 1564 Part 1,1564.0
TMS 1565 Part 1,1565.0
TMS 1566 Part 1,1566.0
TMS PM 1567,1567.0
"TMS 1568 Part 2: IPA Now, IPP Later",1568.0
TMS 1569 Part 2: Trek The Halls,1569.0
TMS 1570 Part 1,1570.0
TMS 1572: Chicken Cake Part 1,1572.0
TMS 1573: Tom Hardly Part 1,1573.0
TMS 1574: The Ladies Attachment Part 1,1574.0
TMSPM 1575: Circus Peanut Flesh,1575.0
TMS 1576: A Man Delorean,1576.0
TMS 1577: Not on (M)any Drugs Part 1,1577.0
TMS 1578: Toast Sweat Part 1,1578.0
TMS PM 1579,1579.0
TMS 1580 Part 1,1580.0
TMS 1581 Part 1,1581.0
TMS 1582: Taste the Tumor Part 1,1582.0
TMS 1583 Part 1,1583.0
TMS PM 1584,1584.0
TMS 1585 Part 1,1585.0
TMS 1586: Artificial Hoo Ha Part 2,1586.0
TMS 1588 Part 1,1588.0
TMS 1589: Toast is Bread Part 1,1589.0
TMS 1590 Part 1,1590.0
TMS 1591 Part 2,1591.0
TMS 1592 Part 1,1592.0
TMS 1593: Fiiring up the Epilady Part 1,1593.0
TMS PM 1594,1594.0
TMS 1595 Part 1,1595.0
TMS 1596 Part 1,1596.0
TMS 1597 Part 1,1597.0
TMS PM 1598: Kroger-brand Butt-pickle,1598.0
TMS 1599 Part 1,1599.0
TMS 1600,1600.0
TMS 1601: Neighbor to the Doodle Part 1,1601.0
TMS 1602 Part 2,1602.0
TMS 1603: The Ma'am Mum Conundrum,1603.0
TMS 1604: Nobody expects the Sweaty Handquisition,1604.0
TMS 1605: Don't Trust the Key in Apt. 23,1605.0
"TMSPM 1606: Weight, Weight Don't Tell Me",1606.0
"TMS 1607: If You Can Dodge $3, You Can Dodge a Ball",1607.0
TMS 1608: The Exscape of Rascal Penjarvis,1608.0
TMS 1609: Reese Whitherbone,1609.0
TMS 1610: Chad The Exorcist,1610.0
TMS PM 1611,1611.0
TMS 1613: The War On X-Miss Kentucky,1613.0
TMS 1614: Side of Undies,1614.0
"TMSPM 1615: Toes, Toto, and Toast",1615.0
TMS 1616: Don’t Trust The Q On Deck 23,1616.0
TMS 1617: Dog Repairs,1617.0
TMS 1618: The Adventures of Buck Monthly,1618.0
TMS 1619: The Adventures of Big Foot and Little Hands,1619.0
TMS 1620: Bewbs Actually,1620.0
TMS 1621: King Whatshisbucket,1621.0
TMS 1622,1622.0
TMS 1624,1624.0
TMS PM 1625: Cafartic,1625.0
TMS 1626: Pho King Bingo,1626.0
TMS 1627: Sea Meat,1627.0
TMS 1628: Doorbellingus,1628.0
TMS 1629: Maria With A Spoon In A Back Room,1629.0
TMSPM 1630,1630.0
TMS 1631: Burgundy Button Downs,1631.0
TMS 1632: Is it too early for a raccoon sandwich?,1632.0
TMS 1633 Part 1 Cheat Responsibly,1633.0
TMS PM 1634,1634.0
TMS 1636: Soy Nut Inclusions,1636.0
TMS 1637,1637.0
TMS 1638: One and Dunaway,1638.0
TMS 1639: Manspreading vs Shebagging,1639.0
TMS 1640: Grandpa begins at conception,1640.0
TMS 1641,1641.0
TMS 1642,1642.0
TMS 1643 Part One,1643.0
"TMSPM 1644: Shave and a Haircut, Poo Bits",1644.0
TMS 1645: Why Does He Get Genitals?,1645.0
TMS 1646: Wandering Into Mulva Territory,1646.0
TMS 1647,1647.0
TMS 1648: Tinkerbell's Palsy,1648.0
TMSPM 1649: Mr. Electric-Poopy-Dog-Call-the-Cops Man,1649.0
TMS 1650: Point on the Body Where Your Immune System Is,1650.0
TMS 1652: Pig Mentally Challenged,1652.0
TMS 1653 Part 1,1653.0
TMSPM 1654: Ever seen capers?,1654.0
TMS 1655: Scootin' Around on a Slim Jimmy,1655.0
TMS 1658,1658.0
TMS 1659: The Bellagio Bidet,1659.0
TMS 1660: F the Right Off Outta Here That Direction,1660.0
TMS 1661,1661.0
TMS 1662: Simulated Doin It,1662.0
TMS 1663: Stickin’ it to Mr. Hilton,1663.0
TMS 1664,1664.0
TMS 1665,1665.0
"TMSPM 1666: Might As Well Face It, You're Allergic To Farts",1666.0
TMS 1668: Fart Picklers,1668.0
TMS 1669: Food Tumor Supreme,1669.0
"TMS 1670: If It's A Restaurant, It's Not Racist",1670.0
TMSPM 1671: Maybe I Gave Her a Weird Frosty,1671.0
TMS 1672: Maybe Disney Jumped the Gunn,1672.0
TMS 1673: Playing Footsie With Death,1673.0
TMS 1674: Wall Hiking,1674.0
TMS 1675: Aorta me some hair fries,1675.0
TMS PM 1676,1676.0
TMS 1677: General Tsalmonella's Chicken,1677.0
TMS 1678,1678.0
TMS 1679,1679.0
TMS 1680,1680.0
TMS 1681,1681.0
TMS 1682: Horse Bucket Garambe,1682.0
"TMS 1683: Picker, Grinner, and Fidget Spinner",1683.0
TMS 1684,1684.0
TMS 1685: As easy as taking Doritos from a teenager,1685.0
TMS 1686: Lookin for Lungs in All the Wrong Places,1686.0
TMS 1687: Furiocho,1687.0
TMS 1688,1688.0
TMS PM 1689,1689.0
TMS 1692: How about we focus on the Question,1692.0
TMS 1693: Last Peg on the Trucker Strap,1693.0
TMS PM 1694,1694.0
TMS 1695,1695.0
TMS 1696,1696.0
TMS 1697,1697.0
TMS 1698,1698.0
TMS 1700,1700.0
TMS PM 1701,1701.0
TMS 1702,1702.0
TMS 1703: These brownies taste like ash,1703.0
TMS 1704,1704.0
TMS 1705,1705.0
TMS 1706,1706.0
TMS 1707,1707.0
TMS 1708,1708.0
TMS 1709,1709.0
TMSPM 1710,1710.0
TMS 1711,1711.0
TMS 1712,1712.0
TMS 1713,1713.0
TMSPM 1714,1714.0
TMS 1715 FIXED,1715.0
TMS 1716,1716.0
TMS 1717,1717.0
TMS 1718,1718.0
TMS 1720: F-35 Dong-fight,1720.0
TMS 1721,1721.0
TMS 1722,1722.0
TMS 1723,1723.0
TMSPM 1724,1724.0
TMS 1725,1725.0
TMS 1726,1726.0
TMS 1727,1727.0
TMS 1728,1728.0
TMS 1730: Caruruoted Ortery,1730.0
TMSPM 1734,1734.0
TMS 1737: Supposed Peanut Butter Square,1737.0
TMS PM 1738,1738.0
TMS 1740,1740.0
TMS PM 1742,1742.0
TMS 1744,1744.0
TMS 1746,1746.0
TMS 1749,1749.0
TMS 1752,1752.0
TMS 1753,1753.0
TMS 1755,1755.0
TMSPM 1756,1756.0
TMS 1758,1758.0
TMS 1759,1759.0
TMSPM 1760,1760.0
TMS 1761,1761.0
TMS 1762,1762.0
TMS 1763,1763.0
TMSPM 1765,1765.0
TMS 1767,1767.0
TMS 1768,1768.0
TMS 1771,1771.0
TMS 1772,1772.0
TMS 1773,1773.0
TMS 1774,1774.0
TMS 1776,1776.0
TMS 1777,1777.0
TMSPM 1778,1778.0
TMS 1780,1780.0
TMS 1781,1781.0
TMS 1784,1784.0
TMS 1785,1785.0
TMS 1786,1786.0
TMSPM 1787,1787.0
TMS 1788,1788.0
TMS 1790,1790.0
TMS 1792,1792.0
TMS 1793,1793.0
TMS 1794,1794.0
TMS 1795,1795.0
TMS 1796,1796.0
TMS 1798,1798.0
TMS 1799,1799.0
TMSPM 1801,1801.0
TMS 1802,1802.0
TMS 1804,1804.0
TMSPM 1806,1806.0
TMS 1810,1810.0
TMSPM 1811,1811.0
TMS 1812,1812.0
TMS 1815,1815.0
TMS PM 1816,1816.0
TMS 1817,1817.0
TMS 1818,1818.0
TMS 1819,1819.0
TMSPM 1820,1820.0
TMS 1823,1823.0
TMS 1825,1825.0
TMS 1826,1826.0
TMS 1827,1827.0
TMSPM 1828,1828.0
TMS 1830,1830.0
TMS 1832,1832.0
TMS PM 1833,1833.0
TMS 1835,1835.0
TMS 1836,1836.0
TMS 1837,1837.0
TMS 1838,1838.0
TMS 1840,1840.0
TMS 1841,1841.0
TMS 1842,1842.0
TMS 1845,1845.0
TMSPM 1846,1846.0
TMS 1848,1848.0
TMS PM 1849,1849.0
TMS 1850,1850.0
TMS 1851,1851.0
TMS 1852,1852.0
TMS 1853,1853.0
tms pm 1854,1854.0
TMS 1855,1855.0
TMS 1856,1856.0
TMS 1857,1857.0
TMS 1858,1858.0
TMS 1859,1859.0
TMS for 01 14 2020,1860.0
TMS 1861,1861.0
TMS 1862,1862.0
TMS PM 1863,1863.0
TMS 1864,1864.0
TMS 1865,1865.0
TMS 1866,1866.0
TMS 1868: The Morning Stream: Is that still on?,1868.0
TMS 1869: The Cheapest Thing You Can Do In Vegas,1869.0
TMS 1870: Finger it to Loop it,1870.0
TMS 1873: There's No L In Bolth,1873.0
TMS 1875: ASCII your Doctor,1875.0
"TMS 1876: Pete-O, Like Neat-O!",1876.0
TMS 1877: Strafanger Danger,1877.0
TMS 1878,1878.0
TMS 1879,1879.0
TMS 1880,1880.0
TMS 1883,1883.0
TMS 1885,1885.0
TMS 1886,1886.0
TMS 1887,1887.0
TMS 1888,1888.0
TMS 1889,1889.0
TMS 1890,1890.0
TMS 1891,1891.0
TMS 1892,1892.0
TMS 1893,1893.0
TMS 1894,1894.0
TMS 1895,1895.0
TMS 1896,1896.0
TMS 1897,1897.0
TMS 1898,1898.0
TMS 1899,1899.0
TMS 1900,1900.0
TMS 1901,1901.0
TMS 1902,1902.0
TMS 1903,1903.0
TMS 1904,1904.0
TMS 1905,1905.0
TMS 1906,1906.0
TMS 1907,1907.0
TMS 1909,1909.0
TMS 1911 - SORRY AUDIO ONLY IN THIS ONE. Had a corrupt video file.,1911.0
TMS 1912,1912.0
TMS 1914,1914.0
TMS 1915,1915.0
TMS 1917,1917.0
TMS 1918,1918.0
TMS 1920,1920.0
TMS 1922,1922.0
TMS 1923,1923.0
TMS 1924,1924.0
The Morning Stream 1926,1926.0
The Morning Stream 1927,1927.0
The Morning Stream 1928,1928.0
The Morning Stream 1929,1929.0
The Morning Stream 1930,1930.0
The Morning Stream 1931,1931.0
The Morning Stream 1932,1932.0
The Morning Stream 1933,1933.0
The Morning Stream 1934,1934.0
The Morning Stream 1935,1935.0
The Morning Stream 1936,1936.0
The Morning Stream 1937,1937.0
The Morning Stream 1938,1938.0
The Morning Stream 1939,1939.0
The Morning Stream 1940,1940.0
The Morning Stream 1941,1941.0
The Morning Stream 1942,1942.0
The Morning Stream 1943,1943.0
The Morning Stream 1944,1944.0
The Morning Stream 1945,1945.0
The Morning Stream 1946,1946.0
The Morning Stream 1947,1947.0
The Morning Stream 1948,1948.0
The Morning Stream 1949,1949.0
The Morning Stream 1951,1951.0
The Morning Stream 1952,1952.0
The Morning Stream 1953,1953.0
The Morning Stream 1954,1954.0
The Morning Stream 1955 (repost),1955.0
The Morning Stream 1956,1956.0
The Morning Stream 1957,1957.0
The Morning Stream 1958,1958.0
The Morning Stream 1959,1959.0
The Morning Stream 1960,1960.0
The Morning Stream 1961,1961.0
The Morning Stream 1962,1962.0
The Morning Stream 1963,1963.0
The Morning Stream 1964,1964.0
The Morning Stream 1965,1965.0
The Morning Stream 1966,1966.0
The Morning Stream 1967,1967.0
The Morning Stream 1968,1968.0
The Morning Stream 1969,1969.0
The Morning Stream 1970,1970.0
The Morning Stream 1971,1971.0
The Morning Stream 1972,1972.0
The Morning Stream 1973,1973.0
The Morning Stream 1974,1974.0
The Morning Stream 1975,1975.0
The Morning Stream 1976,1976.0
The Morning Stream 1977,1977.0
The Morning Stream 1978,1978.0
The Morning Stream 1979,1979.0
The Morning Stream 1981,1981.0
The Morning Stream 1982,1982.0
The Morning Stream 1983,1983.0
The Morning Stream 1984,1984.0
The Morning Stream 1985,1985.0
The Morning Stream 1986,1986.0
The Morning Stream 1987,1987.0
The Morning Stream 1988,1988.0
The Morning Stream 1989,1989.0
The Morning Stream 1990,1990.0
The Morning Stream 1991,1991.0
The Morning Stream 1992,1992.0
The Morning Stream 1993,1993.0
The Morning Stream 1994,1994.0
The Morning Stream 1996,1996.0
The Morning Stream 1997,1997.0
The Morning Stream 1998,1998.0
The Morning Stream 1999,1999.0
The Morning Stream 2000,2000.0
The Morning Stream 2001,2001.0
The Morning Stream 2002,2002.0
The Morning Stream 2003,2003.0
The Morning Stream 2005 Fixed,2005.0
The Morning Stream 2006,2006.0
The Morning Stream 2007,2007.0
The Morning Stream 2008,2008.0
The Morning Stream 2009,2009.0
The Morning Stream 2010,2010.0
The Morning Stream 2018,2018.0
The Morning Stream 2025,2025.0
The Morning Stream 2027,2027.0
The Morning Stream 2028,2028.0
The Morning Stream 2029,2029.0
The Morning Stream 2030,2030.0
The Morning Stream 2031,2031.0
The Morning Stream 2032,2032.0
The Morning Stream 2033,2033.0
The Morning Stream 2034,2034.0
The Morning Stream 2035,2035.0
The Morning Stream 2036,2036.0
The Morning Stream 2037,2037.0
The Morning Stream 2038,2038.0
The Morning Stream 2039,2039.0
The Morning Stream 2040,2040.0
The Morning Stream 2041,2041.0
The Morning Stream 2042,2042.0
The Morning Stream 2043,2043.0
The Morning Stream 2044,2044.0
The Morning Stream 2045,2045.0
The Morning Stream 2046,2046.0
The Morning Stream 2047,2047.0
The Morning Stream 2048,2048.0
The Morning Stream 2050,2050.0
The Morning Stream 2051,2051.0
The Morning Stream 2052,2052.0
The Morning Stream 2053,2053.0
The Morning Stream 2054,2054.0
The Morning Stream 2055,2055.0
The Morning Stream 2056,2056.0
The Morning Stream 2057,2057.0
The Morning Stream 2058,2058.0
The Morning Stream 2059,2059.0
The Morning Stream 2060,2060.0
The Morning Stream 2061,2061.0
The Morning Stream 2062,2062.0
The Morning Stream 2063,2063.0
The Morning Stream 2064,2064.0
The Morning Stream 2065,2065.0
The Morning Stream 2066,2066.0
The Morning Stream 2067,2067.0
The Morning Stream 2068,2068.0
The Morning Stream 2069,2069.0
The Morning Stream 2070,2070.0
The Morning Stream 2071,2071.0
The Morning Stream 2072,2072.0
The Morning Stream 2073,2073.0
The Morning Stream 2074,2074.0
The Morning Stream 2075,2075.0
The Morning Stream 2076,2076.0
The Morning Stream 2078,2078.0
The Morning Stream 2079,2079.0
The Morning Stream 2080,2080.0
The Morning Stream 2081,2081.0
The Morning Stream 2082,2082.0
The Morning Stream 2083,2083.0
The Morning Stream 2084,2084.0
The Morning Stream 2085,2085.0
The Morning Stream 2086,2086.0
The Morning Stream 2087,2087.0
The Morning Stream 2088,2088.0
The Morning Stream 2089,2089.0
The Morning Stream 2090,2090.0
TMS 2091,2091.0
The Morning Stream 2092,2092.0
The Morning Stream 2093,2093.0
The Morning Stream 2094,2094.0
The Morning Stream 2095,2095.0
The Morning Stream 2096,2096.0
The Morning Stream 2097,2097.0
The Morning Stream 2098,2098.0
The Morning Stream 2099,2099.0
The Morning Stream 2101,2101.0
TMS 2102: Katherine Heprin,2102.0
The Morning Stream 2103,2103.0
TMS 2104: Jeff's Kiss!,2104.0
The Morning Stream 2105,2105.0
The Morning Stream 2106,2106.0
The Morning Stream 2107,2107.0
The Morning Stream 2108,2108.0
TMS 2109: Glape Suzette,2109.0
The Morning Stream 2110,2110.0
The Morning Stream 2111,2111.0
The Morning Stream 2112,2112.0
The Morning Stream 2113,2113.0
The Morning Stream 2114,2114.0
The Morning Stream 2115,2115.0
The Morning Stream 2116,2116.0
The Morning Stream 2117,2117.0
The Morning Stream 2118,2118.0
The Morning Stream 2119,2119.0
The Morning Stream 2120,2120.0
The Morning Stream 2121,2121.0
The Morning Stream 2122,2122.0
The Morning Stream 2123,2123.0
The Morning Stream 2124,2124.0
The Morning Stream 2125,2125.0
The Morning Stream 2126,2126.0
The Morning Stream 2127,2127.0
The Morning Stream 2128,2128.0
The Morning Stream 2129,2129.0
The Morning Stream 2130,2130.0
The Morning Stream 2131,2131.0
The Morning Stream 2132,2132.0
The Morning Stream 2133,2133.0
The Morning Stream 2134,2134.0
The Morning Stream 2135,2135.0
TMS 2136: Don't Tickle Your Rat,2136.0
The Morning Stream 2137,2137.0
The Morning Stream 2138,2138.0
The Morning Stream 2139,2139.0
The Morning Stream 2140,2140.0
The Morning Stream 2141,2141.0
TMS 2142: Pig Wrecked em,2142.0
The Morning Stream 2143,2143.0
TMS 2144: let’s do X together,2144.0
TMS 2145: The Venus de Nipple,2145.0
TMS 2146: 404 blood sugar not found,2146.0
TMS 2147: Reverse Richard Dawson,2147.0
TMS 2148: Cookie Sticks,2148.0
TMS 2149: Oppulent Lando,2149.0
TMS 2150: Vaguely Lincolnish!,2150.0
TMS 2151: Her Name Contains Earl,2151.0
TMS 2152: Grapefruit Pencil Shavings and pesticide,2152.0
TMS 2153: There's A Smell And It's Not Good,2153.0
TMS 2154: Full Twerkle,2154.0
TMS 2155: Sean Cheese,2155.0
TMS 2160: Screw you Man-eater!,2160.0
"TMS 2162: She Gets a Tatu, not a Tattoo",2162.0
TMS 2163: Send Your Emails To 2012,2163.0
"TMS 2164: $5,000 Per Moron",2164.0
TMS 2166: Stabby Noodles!,2166.0
TMS 2169: Battery Paranoid,2169.0
TMS 2170: Happy little sex tape,2170.0
TMS 2172: Gin-Swilling Firecracker,2172.0
TMS 2174: Taco Del Ariana Grande,2174.0
TMS 2178: Who's Peeing?,2178.0
TMS 2179: Mud Blood Hut,2179.0
TMS 2180: Hey Mr. Tambourine Monk,2180.0
TMS 2182: Ann Hyphen Margaret.,2182.0
TMS 2183: 10-4 Wet Noodle,2183.0
TMS 2184: This Podcast is SO Gross,2184.0
TMS 2185: Simon & Simon & Garfunkel,2185.0
TMS 2188: That Place Nose What They Are Doing.,2188.0
TMS 2191: White People Spicy,2191.0
TMS 2192: No Kibble. All Bits.,2192.0
TMS 2193: Chockit Mewt!,2193.0
TMS 2195: Please Cooperate Me,2195.0
TMS 2196: GumLick,2196.0
TMS 2201: Larger-Format Grapes,2201.0
TMS 2204: Such a Boney Bird,2204.0
"TMS 2205: What do you need, dude?",2205.0
TMS 2206: Bad Phlebotomist,2206.0
"The Morning Stream 2208 Part 1: Dude, you're getting Adele!",2208.0
TMS 2209: Fun with Tucky,2209.0
"TMS 2211: Dude, where's my show?",2211.0
TMS 2212: Jackson Polyp,2212.0
TMS 2213: Aggressive Swabbage,2213.0
TMS 2214: Cusspants,2214.0
TMS 2215: I Say To Thee NEIGH!!!,2215.0
TMS 2218: Bjork Sandler,2218.0
TMS 2221: Zendaya Mondatta,2221.0
TMS 2222: Red Matter In The Hole,2222.0
TMS 2225: LikTok,2225.0
TMS 2227: Fartrepreneur,2227.0
TMS 2228: Boba Fanta,2228.0
TMS 2229: YOU SHALL TACO PASS!!,2229.0
TMS 2230: Popcorn Zombies,2230.0
TMS 2232: Peeza Hutt,2232.0
TMS 2233: Koi Are Carp,2233.0
TMS 2234: Massive Monkey Gangs!!,2234.0
TMS 2236: Governor Burps-A-Lot,2236.0
TMS 2239: Holy Spit!,2239.0
TMS 2240: SHOW ME FLESH!,2240.0
TMS 2245: DEMAND RICE,2245.0
TMS 2248: Hairy Ass Truman,2248.0
TMS 2252: Dough-mestic Dispute,2252.0
TMS 2253: Growing In the Mullet Region,2253.0
TMS 2255: Don't trust the Corn Nut,2255.0
TMS 2256: The Platinum Jubbly,2256.0
TMS 2259: Fight Big Snow,2259.0
TMS 2261: Rank Fish,2261.0
TMS 2262: Down Goes the Boogery One,2262.0
TMS 2263: It's Not A Tuber!,2263.0
TMS 2265: It's a Go for Goo!,2265.0
TMS 2266: There's No Place Like Gnome,2266.0
TMS 2268: Edible Luster Dust!,2268.0
TMS 2269: Noodle Duty,2269.0
TMS 2270: Wong Ratzenberger,2270.0
TMS 2271: Beets Are Made Of Farts,2271.0
TMS 2273: HelloKittyPEZ?,2273.0
TMS 2275: Beef Lube,2275.0
TMS 2276: Chips and Nips,2276.0
TMS 2280: Section 8 Peaches,2280.0
The Morning Stream 2281,2281.0
TMS 2282: Hairless Uggs,2282.0
TMS 2284: Truman Show Face,2284.0
TMS 2285: Asterods Deloxe,2285.0
The Morning Stream 2288,2288.0
TMS 2290: Pope Fiction,2290.0
TMS 2291: ShawShake Redemption,2291.0
TMS 2294: Han Hacked First,2294.0
TMS 2295: Distracting Extraction,2295.0
TMS 2296: I've Seen Its Crack Part 1,2296.0
The Morning Stream 2300,2300.0
TMS 2301: Carcalepsy,2301.0
TMS 2302: The Beef Chicken Ratio,2302.0
TMS 2304: Yellow Simmons,2304.0
TMS 2307: Fame Monsters,2307.0
TMS 2311: Swamp Water Slurpee,2311.0
TMS 2313: Whispers of the Sheep,2313.0
TMS 2315: Wax N Vax,2315.0
TMS 2320: For why?,2320.0
TMS 2323: A Sting from Bee-Hind,2323.0
TMS 2324: Burper Phone,2324.0
TMS 2328: Dual Duel,2328.0
TMS 2330: Cat Bus!,2330.0
TMS 2335: Forever Moops,2335.0
TMS 2337: Who Runs Duck Town?,2337.0
The Morning Stream 2339 Part One,2339.0
TMS 2348: Octa-Canarians,2348.0
TMS 2349: Welcome to Clown Town,2349.0
TMS 2353: Taco Hell,2353.0
TMS 2354: Click the Monkey!,2354.0
TMS 2355: Cow Choke Point,2355.0
TMS 2356: Explain your pants,2356.0
TMS 2359: Zero points of articulation,2359.0
TMS 2362: Chicken Fork,2362.0
TMS 2364: Curbside Soul Delivery,2364.0
TMS 2365: No One Wants Hungry Greasy Turkey,2365.0
TMS 2366: Oops All Viagra,2366.0
TMS 2372: Schmo?,2372.0
TMS 2380: Sopranosaurus,2380.0
TMS 2383: Mistakes on a Plane,2383.0
TMS 2391: Dingly Dangly Dongle,2391.0
TMS 2393: How chunky is the Monkey,2393.0
TMS 2395: Zamboni the Vampire,2395.0
TMS 2399: Dr. Tobias Aturn,2399.0
TMS 2401: Potato C.H.I.P.S.,2401.0
TMS 2402: Bjork Irritation,2402.0
MS 2423: How I Met Your Matcha,2423.0
TMS 2424: Cocaine Dingos,2424.0
TMS 2429: Just suck em,2429.0
TMS 2434: My Newt Minute,2434.0
TMS 2435: Nacho Nacho Wins!,2435.0
TMS 2436: Traumatized Batman Resin Sculpture,2436.0
TMS 2444: Passive Aggressive Bingo,2444.0
TMS 2449: The H is Silent,2449.0
TMS 2451: Dog Spurt,2451.0
TMS 2558: BURMP!,2558.0
