title,date,url,episode_number,conv_dates
TMS 2746: A little Weezery,2024-12-04T18:28:33Z,https://i.ytimg.com/vi/rfD7KGxylFM/hqdefault.jpg,2746,2024-12-04 18:28:33+00:00
TMS 2745: The Rowing Stoines,2024-12-03T18:15:37Z,https://i.ytimg.com/vi/TIMhgRwWLyA/hqdefault.jpg,2745,2024-12-03 18:15:37+00:00
TMS 2744: Bullet Intolerant,2024-12-02T17:59:28Z,https://i.ytimg.com/vi/bEuxFLoWkqg/hqdefault.jpg,2744,2024-12-02 17:59:28+00:00
TMS 2743: Goat Goat Car,2024-11-27T18:29:44Z,https://i.ytimg.com/vi/iGpvs-zO2h4/hqdefault.jpg,2743,2024-11-27 18:29:44+00:00
TMS 2742: Show and Yell,2024-11-26T18:17:14Z,https://i.ytimg.com/vi/_gduJ9wbQyM/hqdefault.jpg,2742,2024-11-26 18:17:14+00:00
TMS 2741: Junk Jigglers,2024-11-25T18:03:02Z,https://i.ytimg.com/vi/eh6kne9c-Sk/hqdefault.jpg,2741,2024-11-25 18:03:02+00:00
TMS 2740: Bananamaniacs,2024-11-20T18:39:54Z,https://i.ytimg.com/vi/bX7yX4Mw7NY/hqdefault.jpg,2740,2024-11-20 18:39:54+00:00
TMS 2739: Pocket Lindt,2024-11-19T17:51:06Z,https://i.ytimg.com/vi/bFGkcroxAVs/hqdefault.jpg,2739,2024-11-19 17:51:06+00:00
TMS 2738: Atlantis Morrisette,2024-11-18T17:55:06Z,https://i.ytimg.com/vi/H6Y24fXCmcM/hqdefault.jpg,2738,2024-11-18 17:55:06+00:00
TMS 2737: Farting on Cables,2024-11-14T18:39:30Z,https://i.ytimg.com/vi/W5X9k1a5VyE/hqdefault.jpg,2737,2024-11-14 18:39:30+00:00
TMS 2736: A Whole Different Pig,2024-11-13T18:00:53Z,https://i.ytimg.com/vi/FdR2gmwV7fs/hqdefault.jpg,2736,2024-11-13 18:00:53+00:00
"TMS 2735: Sir, that&#39;s a duck",2024-11-12T17:27:19Z,https://i.ytimg.com/vi/TY7mYc_yBzs/hqdefault.jpg,2735,2024-11-12 17:27:19+00:00
TMS 2734: B Tier Vices,2024-11-11T17:44:41Z,https://i.ytimg.com/vi/AanjL7fqVCc/hqdefault.jpg,2734,2024-11-11 17:44:41+00:00
TMS 2733: Cheesey Weezy,2024-11-07T18:09:33Z,https://i.ytimg.com/vi/jkCnU6RsSMA/hqdefault.jpg,2733,2024-11-07 18:09:33+00:00
TMS 2732: The Mourning Scream,2024-11-06T18:04:26Z,https://i.ytimg.com/vi/BzWJpbhRuT0/hqdefault.jpg,2732,2024-11-06 18:04:26+00:00
TMS 2731: Comic Con-Clave,2024-11-05T18:00:12Z,https://i.ytimg.com/vi/Ek9zSCSIOvI/hqdefault.jpg,2731,2024-11-05 18:00:12+00:00
TMS 2730: The Pope Supremacy,2024-11-04T18:03:01Z,https://i.ytimg.com/vi/6zfpPLJ3kDc/hqdefault.jpg,2730,2024-11-04 18:03:01+00:00
TMS 2729: Flip Lish Leesh,2024-10-31T17:09:44Z,https://i.ytimg.com/vi/qKGsSntITMY/hqdefault.jpg,2729,2024-10-31 17:09:44+00:00
TMS 2728: What is Arkanoid,2024-10-30T17:16:38Z,https://i.ytimg.com/vi/LdQy6ZWobU4/hqdefault.jpg,2728,2024-10-30 17:16:38+00:00
TMS 2727: Itchy No No,2024-10-29T16:57:42Z,https://i.ytimg.com/vi/6SjeYFXUUxc/hqdefault.jpg,2727,2024-10-29 16:57:42+00:00
TMS 2726: Loppity Hoppers,2024-10-28T16:45:43Z,https://i.ytimg.com/vi/OoebOqd6OAU/hqdefault.jpg,2726,2024-10-28 16:45:43+00:00
TMS 2725: Wedging Matilda,2024-10-24T16:28:32Z,https://i.ytimg.com/vi/BESsV_9wLJQ/hqdefault.jpg,2725,2024-10-24 16:28:32+00:00
TMS 2724: Mowing Skeletons,2024-10-23T17:18:41Z,https://i.ytimg.com/vi/Hpy0-_1Qj-o/hqdefault.jpg,2724,2024-10-23 17:18:41+00:00
TMS 2723: Zonal Splattage,2024-10-22T16:41:43Z,https://i.ytimg.com/vi/t2KZQ6WZHyw/hqdefault.jpg,2723,2024-10-22 16:41:43+00:00
TMS 2722: Soylent People,2024-10-21T17:18:27Z,https://i.ytimg.com/vi/ntzw1aQs-is/hqdefault.jpg,2722,2024-10-21 17:18:27+00:00
TMS 2721: Horse in The Attic,2024-10-17T17:17:47Z,https://i.ytimg.com/vi/NHWja6HEEGM/hqdefault.jpg,2721,2024-10-17 17:17:47+00:00
TMS 2720: Screw McDuck,2024-10-16T17:22:50Z,https://i.ytimg.com/vi/45rGTob9Gu4/hqdefault.jpg,2720,2024-10-16 17:22:50+00:00
TMS 2719: Sirius Blech,2024-10-15T17:14:32Z,https://i.ytimg.com/vi/QrbNbtvuZWE/hqdefault.jpg,2719,2024-10-15 17:14:32+00:00
TMS 2718: Roughly Naked,2024-10-14T17:12:27Z,https://i.ytimg.com/vi/IUBcSdRr-Ng/hqdefault.jpg,2718,2024-10-14 17:12:27+00:00
TMS 2717: Sneaky Little Hole,2024-10-09T17:33:52Z,https://i.ytimg.com/vi/9XMLkNFrkf0/hqdefault.jpg,2717,2024-10-09 17:33:52+00:00
TMS 2716: Wrong Swanson,2024-10-08T17:23:02Z,https://i.ytimg.com/vi/98LD-iykRV4/hqdefault.jpg,2716,2024-10-08 17:23:02+00:00
TMS 2715: Noodle Tax,2024-10-07T17:27:33Z,https://i.ytimg.com/vi/WzDLgkDIfyo/hqdefault.jpg,2715,2024-10-07 17:27:33+00:00
TMS 2714: Skanky Pigeons,2024-10-03T17:33:13Z,https://i.ytimg.com/vi/0eskIXEWXmA/hqdefault.jpg,2714,2024-10-03 17:33:13+00:00
TMS 2713: Unsurprisingly Heartless,2024-10-02T17:32:02Z,https://i.ytimg.com/vi/lt4nv5n8x4A/hqdefault.jpg,2713,2024-10-02 17:32:02+00:00
TMS 2712: Dave&#39;s Cable,2024-10-01T17:13:58Z,https://i.ytimg.com/vi/8Q5nygEY12s/hqdefault.jpg,2712,2024-10-01 17:13:58+00:00
TMS 2711: Crumply Little Mess,2024-09-30T17:01:29Z,https://i.ytimg.com/vi/APkUcSsQUpU/hqdefault.jpg,2711,2024-09-30 17:01:29+00:00
TMS 2710: Frisbee tots,2024-09-26T17:04:01Z,https://i.ytimg.com/vi/dzD8q8ZoIg4/hqdefault.jpg,2710,2024-09-26 17:04:01+00:00
TMS 2709: Bammit,2024-09-25T17:42:50Z,https://i.ytimg.com/vi/VmF2gqDqCIY/hqdefault.jpg,2709,2024-09-25 17:42:50+00:00
TMS 2708: A Comfortable Bosom,2024-09-24T17:05:37Z,https://i.ytimg.com/vi/DkLLrbTdlXw/hqdefault.jpg,2708,2024-09-24 17:05:37+00:00
TMS 2707: Pizza Pi,2024-09-23T17:12:16Z,https://i.ytimg.com/vi/iWCJ1-PT68s/hqdefault.jpg,2707,2024-09-23 17:12:16+00:00
TMS 2706: Covidiocy,2024-09-18T17:38:26Z,https://i.ytimg.com/vi/Vi3e5nhXm0o/hqdefault.jpg,2706,2024-09-18 17:38:26+00:00
TMS 2705: Paint Your Head,2024-09-12T17:58:45Z,https://i.ytimg.com/vi/aOG08D2mWNA/hqdefault.jpg,2705,2024-09-12 17:58:45+00:00
TMS 2704: Spork Talk,2024-09-11T17:50:36Z,https://i.ytimg.com/vi/tGpxDZ_ZIDs/hqdefault.jpg,2704,2024-09-11 17:50:36+00:00
TMS 2703: Taylor Sweat,2024-09-10T17:39:03Z,https://i.ytimg.com/vi/aQaPi7b22U8/hqdefault.jpg,2703,2024-09-10 17:39:03+00:00
TMS 2702: Friendsville,2024-09-09T16:56:50Z,https://i.ytimg.com/vi/CsG_het0cdM/hqdefault.jpg,2702,2024-09-09 16:56:50+00:00
TMS 2701: Bill &amp; Ted Go To Hell,2024-09-05T17:41:55Z,https://i.ytimg.com/vi/bY3dtf7McW4/hqdefault.jpg,2701,2024-09-05 17:41:55+00:00
TMS 2700: Let My Chickens Cake,2024-09-04T18:06:31Z,https://i.ytimg.com/vi/-0HdXarA5Pk/hqdefault.jpg,2700,2024-09-04 18:06:31+00:00
TMS 2699: Big Potato Energy,2024-09-03T16:56:00Z,https://i.ytimg.com/vi/lLszz8Hd7dU/hqdefault.jpg,2699,2024-09-03 16:56:00+00:00
TMS 2698: Needa Person,2024-08-29T17:30:03Z,https://i.ytimg.com/vi/GmMhTMrep30/hqdefault.jpg,2698,2024-08-29 17:30:03+00:00
TMS 2697: Crap Carp,2024-08-28T17:45:02Z,https://i.ytimg.com/vi/FCvGVT89KaE/hqdefault.jpg,2697,2024-08-28 17:45:02+00:00
TMS 2696: Rant Appropriate,2024-08-27T17:09:16Z,https://i.ytimg.com/vi/zicr6iLlqqI/hqdefault.jpg,2696,2024-08-27 17:09:16+00:00
TMS 2695: Just Wung It,2024-08-26T16:41:04Z,https://i.ytimg.com/vi/yJYI__XIx_0/hqdefault.jpg,2695,2024-08-26 16:41:04+00:00
TMS 2694: Thai Land,2024-08-22T17:16:07Z,https://i.ytimg.com/vi/byjHz-fINEk/hqdefault.jpg,2694,2024-08-22 17:16:07+00:00
TMS 2693: The Dick Bees,2024-08-21T17:50:09Z,https://i.ytimg.com/vi/bgvgq1ZfQDY/hqdefault.jpg,2693,2024-08-21 17:50:09+00:00
TMS 2692: Bolivian Nose Candy,2024-08-20T17:10:44Z,https://i.ytimg.com/vi/Boa0SIDAf_w/hqdefault.jpg,2692,2024-08-20 17:10:44+00:00
TMS 2691: Cro√∂nchy Stars,2024-08-19T17:11:16Z,https://i.ytimg.com/vi/Q6OJ5Z4jTZA/hqdefault.jpg,2691,2024-08-19 17:11:16+00:00
TMS 2690: Plushy Facehugger,2024-08-15T17:33:35Z,https://i.ytimg.com/vi/g_9MBCN2Cp4/hqdefault.jpg,2690,2024-08-15 17:33:35+00:00
TMS 2689: Amazing Underpants,2024-08-14T18:11:12Z,https://i.ytimg.com/vi/wCxispyHxHA/hqdefault.jpg,2689,2024-08-14 18:11:12+00:00
TMS 2688: Ghost Plumbers,2024-08-08T18:44:51Z,https://i.ytimg.com/vi/GvSiHDcmWgc/hqdefault.jpg,2688,2024-08-08 18:44:51+00:00
TMS 2687: The Tolbert Signal,2024-08-07T17:34:04Z,https://i.ytimg.com/vi/2WaxZ8QKiyc/hqdefault.jpg,2687,2024-08-07 17:34:04+00:00
TMS 2686: Stephen Stealgull,2024-08-06T17:04:43Z,https://i.ytimg.com/vi/_JpCxCAkwf0/hqdefault.jpg,2686,2024-08-06 17:04:43+00:00
TMS 2685: Loofa Rigno,2024-08-05T17:05:52Z,https://i.ytimg.com/vi/ZVbjskKzrSA/hqdefault.jpg,2685,2024-08-05 17:05:52+00:00
TMS 2684: Flipping Heck,2024-08-01T21:37:56Z,https://i.ytimg.com/vi/cBKNUC29_A0/hqdefault.jpg,2684,2024-08-01 21:37:56+00:00
TMS 2683: Tubular Meat,2024-07-31T17:34:27Z,https://i.ytimg.com/vi/zJ6AfAPLJAc/hqdefault.jpg,2683,2024-07-31 17:34:27+00:00
TMS 2682: Chasing Amy Pickles,2024-07-30T16:50:11Z,https://i.ytimg.com/vi/xOaIEghHho8/hqdefault.jpg,2682,2024-07-30 16:50:11+00:00
TMS 2681: Surge Purge,2024-07-29T17:26:17Z,https://i.ytimg.com/vi/Hl4w0SZoNWc/hqdefault.jpg,2681,2024-07-29 17:26:17+00:00
TMS 2680: Tall Narcissists,2024-07-25T16:55:32Z,https://i.ytimg.com/vi/0cC6yb-_33Y/hqdefault.jpg,2680,2024-07-25 16:55:32+00:00
TMS 2679: Roomba Clanahan,2024-07-23T17:26:48Z,https://i.ytimg.com/vi/dp8oN8A1TnQ/hqdefault.jpg,2679,2024-07-23 17:26:48+00:00
TMS 2678: Joe Danger Sky,2024-07-18T16:35:52Z,https://i.ytimg.com/vi/KSB3ulpqiRg/hqdefault.jpg,2678,2024-07-18 16:35:52+00:00
TMS 2677: Pez Zero,2024-07-17T19:16:01Z,https://i.ytimg.com/vi/A0SJ2LU2_XI/hqdefault.jpg,2677,2024-07-17 19:16:01+00:00
TMS 2676: Jeebies On The Side,2024-07-16T16:53:06Z,https://i.ytimg.com/vi/mSBJigVfoqs/hqdefault.jpg,2676,2024-07-16 16:53:06+00:00
TMS 2675: 4 Alarm Diaper,2024-07-15T16:59:01Z,https://i.ytimg.com/vi/YI8cjFRNYNw/hqdefault.jpg,2675,2024-07-15 16:59:01+00:00
TMS 2674: Kinda Hootery,2024-07-11T17:35:17Z,https://i.ytimg.com/vi/SZwsHXz6USM/hqdefault.jpg,2674,2024-07-11 17:35:17+00:00
TMS 2673: Rubbin&#39; Nubbins,2024-07-10T17:21:33Z,https://i.ytimg.com/vi/6p0PMRIH0ZE/hqdefault.jpg,2673,2024-07-10 17:21:33+00:00
TMS 2672: OnlyFusedFans,2024-07-09T17:02:01Z,https://i.ytimg.com/vi/dM2PMRPse3E/hqdefault.jpg,2672,2024-07-09 17:02:01+00:00
TMS 2671: Hairyola,2024-07-08T17:08:19Z,https://i.ytimg.com/vi/EZsjSnDZXbM/hqdefault.jpg,2671,2024-07-08 17:08:19+00:00
TMS 2670: Puke-a-chu,2024-07-03T17:49:22Z,https://i.ytimg.com/vi/2p-MvxwRI_Q/hqdefault.jpg,2670,2024-07-03 17:49:22+00:00
TMS 2669: Bees Louise,2024-07-02T17:15:13Z,https://i.ytimg.com/vi/VImwxezfA7E/hqdefault.jpg,2669,2024-07-02 17:15:13+00:00
TMS 2668: Munkeys and Dunkeys,2024-07-01T17:03:45Z,https://i.ytimg.com/vi/bEtHmeDwx0Y/hqdefault.jpg,2668,2024-07-01 17:03:45+00:00
TMS 2667: Modularity Jockularity,2024-06-27T16:54:22Z,https://i.ytimg.com/vi/Bnb7F7LirBE/hqdefault.jpg,2667,2024-06-27 16:54:22+00:00
TMS 2666: Yawn Rock,2024-06-26T17:42:23Z,https://i.ytimg.com/vi/oAHvDermJ6U/hqdefault.jpg,2666,2024-06-26 17:42:23+00:00
TMS 2665: What the FORK is that,2024-06-25T16:56:04Z,https://i.ytimg.com/vi/ENMXkxniKhY/hqdefault.jpg,2665,2024-06-25 16:56:04+00:00
TMS 2664: The Bleau Veneau,2024-06-24T17:14:09Z,https://i.ytimg.com/vi/Zx4g1jsDNYo/hqdefault.jpg,2664,2024-06-24 17:14:09+00:00
TMS 2663: Now Hornet Free!,2024-06-20T17:32:43Z,https://i.ytimg.com/vi/eHmaUVY-cYU/hqdefault.jpg,2663,2024-06-20 17:32:43+00:00
TMS 2662: Slippery Chicken,2024-06-18T17:09:03Z,https://i.ytimg.com/vi/TGsYopqffNQ/hqdefault.jpg,2662,2024-06-18 17:09:03+00:00
TMS 2661: Booty McFailface,2024-06-17T17:05:09Z,https://i.ytimg.com/vi/_6CU0BRjud0/hqdefault.jpg,2661,2024-06-17 17:05:09+00:00
TMS 2660: Kissing Kansas,2024-06-13T17:37:49Z,https://i.ytimg.com/vi/tomg5hiX0Q8/hqdefault.jpg,2660,2024-06-13 17:37:49+00:00
"TMS 2659: Two Wasps, One Stone",2024-06-12T17:15:10Z,https://i.ytimg.com/vi/QyUHiKGxp2Y/hqdefault.jpg,2659,2024-06-12 17:15:10+00:00
TMS 2658: Midnight Duds,2024-06-11T17:15:13Z,https://i.ytimg.com/vi/yVLL9WHGuZE/hqdefault.jpg,2658,2024-06-11 17:15:13+00:00
TMS 2657: Newman Gnome,2024-06-10T16:51:26Z,https://i.ytimg.com/vi/8zPh62DhL0c/hqdefault.jpg,2657,2024-06-10 16:51:26+00:00
TMS 2656: Nose Raisins,2024-06-06T17:29:55Z,https://i.ytimg.com/vi/nwn-knKs5WQ/hqdefault.jpg,2656,2024-06-06 17:29:55+00:00
TMS 2655: Nine-Toes Nick,2024-06-05T17:28:28Z,https://i.ytimg.com/vi/CrwSAiuvgQg/hqdefault.jpg,2655,2024-06-05 17:28:28+00:00
TMS 2654: Eat the McRich!,2024-06-04T17:12:08Z,https://i.ytimg.com/vi/V5sTGC-LnNU/hqdefault.jpg,2654,2024-06-04 17:12:08+00:00
TMS 2653: This One&#39;s For Allen,2024-06-03T17:09:26Z,https://i.ytimg.com/vi/xoGs2JXP4r8/hqdefault.jpg,2653,2024-06-03 17:09:26+00:00
TMS 2652: Summon the Beekeeper,2024-05-30T17:23:06Z,https://i.ytimg.com/vi/HGIlSH5gvkc/hqdefault.jpg,2652,2024-05-30 17:23:06+00:00
TMS 2651: Shuckelheads,2024-05-29T17:39:21Z,https://i.ytimg.com/vi/WrjpV8LWsLs/hqdefault.jpg,2651,2024-05-29 17:39:21+00:00
TMS 2650: Serial Senior Slingshot Shooter,2024-05-28T17:26:46Z,https://i.ytimg.com/vi/g3v6tPqjQDw/hqdefault.jpg,2650,2024-05-28 17:26:46+00:00
TMS 2649: Ivan The Frequent,2024-05-23T17:33:43Z,https://i.ytimg.com/vi/qXyhkGfj4rA/hqdefault.jpg,2649,2024-05-23 17:33:43+00:00
TMS 2648: Backyard Funyun Factory,2024-05-22T17:50:27Z,https://i.ytimg.com/vi/xq3r5Fjp48s/hqdefault.jpg,2648,2024-05-22 17:50:27+00:00
TMS 2647: Grandma McFlurry,2024-05-21T17:15:06Z,https://i.ytimg.com/vi/_2IZo1QgsVA/hqdefault.jpg,2647,2024-05-21 17:15:06+00:00
TMS 2646: Flavored Water Polo,2024-05-20T17:11:51Z,https://i.ytimg.com/vi/vFUxo1cWZwo/hqdefault.jpg,2646,2024-05-20 17:11:51+00:00
TMS 2645: Schrodinger&#39;s Marriage,2024-05-16T16:30:06Z,https://i.ytimg.com/vi/NUR4Gfz-5Us/hqdefault.jpg,2645,2024-05-16 16:30:06+00:00
TMS 2644: Fort Boyardeee,2024-05-15T17:26:27Z,https://i.ytimg.com/vi/eemgMGgvYTo/hqdefault.jpg,2644,2024-05-15 17:26:27+00:00
TMS 2643: Suing Your Oates,2024-05-14T16:59:20Z,https://i.ytimg.com/vi/1hEgsfNQZUc/hqdefault.jpg,2643,2024-05-14 16:59:20+00:00
TMS 2642: The Herps,2024-05-13T17:18:38Z,https://i.ytimg.com/vi/iQP9SB3xurM/hqdefault.jpg,2642,2024-05-13 17:18:38+00:00
TMS 2641: General Consumer Spicy,2024-05-09T17:33:38Z,https://i.ytimg.com/vi/ghscCIqdcf4/hqdefault.jpg,2641,2024-05-09 17:33:38+00:00
TMS 2640: Brief and Feeble,2024-05-08T17:47:55Z,https://i.ytimg.com/vi/HDkrtB28y7M/hqdefault.jpg,2640,2024-05-08 17:47:55+00:00
TMS 2639: Post Capone,2024-05-07T17:19:16Z,https://i.ytimg.com/vi/PJPwLn9JBwA/hqdefault.jpg,2639,2024-05-07 17:19:16+00:00
MS 2638: Death by Pancakes,2024-05-06T17:30:41Z,https://i.ytimg.com/vi/DeGAEu7ny1w/hqdefault.jpg,2638,2024-05-06 17:30:41+00:00
TMS 2637: A Moist Hug,2024-04-25T17:42:07Z,https://i.ytimg.com/vi/MeEspIOy7F0/hqdefault.jpg,2637,2024-04-25 17:42:07+00:00
TMS 2636: Apocalypse Soon,2024-04-24T17:46:29Z,https://i.ytimg.com/vi/X2wcK40rDZs/hqdefault.jpg,2636,2024-04-24 17:46:29+00:00
TMS 2635: Suspicious Gravy,2024-04-23T17:12:24Z,https://i.ytimg.com/vi/1lT6_rmK1_c/hqdefault.jpg,2635,2024-04-23 17:12:24+00:00
TMS 2634: The Temu Bellagio,2024-04-22T17:20:23Z,https://i.ytimg.com/vi/BpvKmj9iL-w/hqdefault.jpg,2634,2024-04-22 17:20:23+00:00
TMS 2633: All I heard was Spanish Yelling,2024-04-17T17:46:06Z,https://i.ytimg.com/vi/e-zTPDDaoRc/hqdefault.jpg,2633,2024-04-17 17:46:06+00:00
TMS 2632: Beer Pulp,2024-04-16T17:13:53Z,https://i.ytimg.com/vi/H8DWN-P6o4c/hqdefault.jpg,2632,2024-04-16 17:13:53+00:00
TMS 2631: Scaredy Tax,2024-04-15T17:09:29Z,https://i.ytimg.com/vi/oxOjjOXyCVQ/hqdefault.jpg,2631,2024-04-15 17:09:29+00:00
TMS 2630: Snip N Shake,2024-04-11T17:22:53Z,https://i.ytimg.com/vi/dJYEmIdnYcM/hqdefault.jpg,2630,2024-04-11 17:22:53+00:00
TMS 2629: Alice Doesn&#39;t Live Any More!,2024-04-10T17:51:51Z,https://i.ytimg.com/vi/bJ-ToZwqBOE/hqdefault.jpg,2629,2024-04-10 17:51:51+00:00
TMS 2628: Hell Toupee,2024-04-09T17:17:04Z,https://i.ytimg.com/vi/1COVtNjucmw/hqdefault.jpg,2628,2024-04-09 17:17:04+00:00
TMS 2627: Sniffin&#39; Baby Brains,2024-04-08T16:59:26Z,https://i.ytimg.com/vi/xKU-fNKg_zg/hqdefault.jpg,2627,2024-04-08 16:59:26+00:00
TMS 2626: Follow me on Centigram,2024-04-04T17:34:33Z,https://i.ytimg.com/vi/uLptMWiHs24/hqdefault.jpg,2626,2024-04-04 17:34:33+00:00
TMS 2625: Drunk Call Tuesday,2024-04-02T17:05:04Z,https://i.ytimg.com/vi/9U-1SQinw40/hqdefault.jpg,2625,2024-04-02 17:05:04+00:00
TMS 2624: Diddy Diddler Dollar Tree,2024-04-01T16:58:31Z,https://i.ytimg.com/vi/TGXX5uQsb4w/hqdefault.jpg,2624,2024-04-01 16:58:31+00:00
TMS 2623: Infinity Nuggets,2024-03-28T17:38:45Z,https://i.ytimg.com/vi/oSsM_DY-dI0/hqdefault.jpg,2623,2024-03-28 17:38:45+00:00
TMS 2622: Incompatible Soap,2024-03-27T17:50:06Z,https://i.ytimg.com/vi/ovBxb_yIaWo/hqdefault.jpg,2622,2024-03-27 17:50:06+00:00
TMS 2621: Toilet epiphany,2024-03-26T16:28:12Z,https://i.ytimg.com/vi/gfrlSwS_DmI/hqdefault.jpg,2621,2024-03-26 16:28:12+00:00
TMS 2620: Dickelodeon,2024-03-25T17:05:52Z,https://i.ytimg.com/vi/nB892LrataY/hqdefault.jpg,2620,2024-03-25 17:05:52+00:00
TMS 2619: Snorehammer 40K,2024-03-21T17:29:17Z,https://i.ytimg.com/vi/vUmAnh3Ouz8/hqdefault.jpg,2619,2024-03-21 17:29:17+00:00
TMS 2618: Jerky Jorts,2024-03-20T18:06:33Z,https://i.ytimg.com/vi/qmR3u7SNSnM/hqdefault.jpg,2618,2024-03-20 18:06:33+00:00
TMS 2617: 24 Karat Kid,2024-03-19T17:06:08Z,https://i.ytimg.com/vi/kcIJk8FzHSs/hqdefault.jpg,2617,2024-03-19 17:06:08+00:00
TMS 2616: Appropriated Mannequin,2024-03-18T17:09:35Z,https://i.ytimg.com/vi/_y0xBtyGzZE/hqdefault.jpg,2616,2024-03-18 17:09:35+00:00
TMS 2614: Chommy Tong,2024-03-13T17:48:06Z,https://i.ytimg.com/vi/gIP297sMpXo/hqdefault.jpg,2614,2024-03-13 17:48:06+00:00
TMS 2613: Zombibbott,2024-03-12T17:15:59Z,https://i.ytimg.com/vi/DvAyZeD_xZw/hqdefault.jpg,2613,2024-03-12 17:15:59+00:00
TMS 2612: Hex On Your Family,2024-03-11T17:09:35Z,https://i.ytimg.com/vi/Edv9UYdfxRw/hqdefault.jpg,2612,2024-03-11 17:09:35+00:00
TMS 2611: One Randy Hamster,2024-03-07T18:27:09Z,https://i.ytimg.com/vi/CF1tMMXvU4s/hqdefault.jpg,2611,2024-03-07 18:27:09+00:00
TMS 2610: Blue Diamond Phillips,2024-03-06T18:26:52Z,https://i.ytimg.com/vi/xjux0OPkchk/hqdefault.jpg,2610,2024-03-06 18:26:52+00:00
TMS 2609: Jefferson Starplane,2024-03-04T17:59:03Z,https://i.ytimg.com/vi/Cv2Joa40EK0/hqdefault.jpg,2609,2024-03-04 17:59:03+00:00
TMS 2608: The Morning Stram,2024-02-29T18:38:03Z,https://i.ytimg.com/vi/d4e2sT0otjQ/hqdefault.jpg,2608,2024-02-29 18:38:03+00:00
TMS 2607: Potato For Now,2024-02-28T18:41:08Z,https://i.ytimg.com/vi/r6Zv_KJw9-c/hqdefault.jpg,2607,2024-02-28 18:41:08+00:00
TMS 2606: Doctored Doom,2024-02-27T17:49:59Z,https://i.ytimg.com/vi/-PK28y3y78k/hqdefault.jpg,2606,2024-02-27 17:49:59+00:00
TMS 2605: David Lyncher,2024-02-26T18:12:12Z,https://i.ytimg.com/vi/aq30Lr85ogY/hqdefault.jpg,2605,2024-02-26 18:12:12+00:00
TMS 2604: Hayley Shillelagh,2024-02-22T18:38:44Z,https://i.ytimg.com/vi/e8Z-2_n4y34/hqdefault.jpg,2604,2024-02-22 18:38:44+00:00
TMS 2603: Freehand Freebird,2024-02-21T18:14:30Z,https://i.ytimg.com/vi/EwumpfLzo94/hqdefault.jpg,2603,2024-02-21 18:14:30+00:00
TMS 2602: Stapies,2024-02-20T18:00:06Z,https://i.ytimg.com/vi/M5zQP470Lpo/hqdefault.jpg,2602,2024-02-20 18:00:06+00:00
TMS 2601: Lady Gaja,2024-02-19T18:07:09Z,https://i.ytimg.com/vi/Ra---lg62Hw/hqdefault.jpg,2601,2024-02-19 18:07:09+00:00
TMS 2600: Fob Dylan,2024-02-14T18:46:13Z,https://i.ytimg.com/vi/Sou1ia8MJX0/hqdefault.jpg,2600,2024-02-14 18:46:13+00:00
TMS 2598: Triple Grandpa,2024-02-13T18:13:43Z,https://i.ytimg.com/vi/Xwa89infr98/hqdefault.jpg,2598,2024-02-13 18:13:43+00:00
TMS 2598: Avoid The Topless Nun,2024-02-12T18:13:26Z,https://i.ytimg.com/vi/Bm857m1eD8k/hqdefault.jpg,2598,2024-02-12 18:13:26+00:00
TMS 2597: Royal Alchemist,2024-02-08T18:19:43Z,https://i.ytimg.com/vi/ldjZ7YzHwqo/hqdefault.jpg,2597,2024-02-08 18:19:43+00:00
TMS 2596: First Time Cholera,2024-02-07T18:26:55Z,https://i.ytimg.com/vi/VHSvObbmJ5I/hqdefault.jpg,2596,2024-02-07 18:26:55+00:00
TMS 2595: Recreational CPAP,2024-02-06T18:20:29Z,https://i.ytimg.com/vi/i1190zryvpk/hqdefault.jpg,2595,2024-02-06 18:20:29+00:00
TMS 2594: The Phlebotomist Vibe,2024-02-05T18:04:57Z,https://i.ytimg.com/vi/DoOb9ae-42E/hqdefault.jpg,2594,2024-02-05 18:04:57+00:00
TMS 2592: Burrito Flaps,2024-01-30T17:59:55Z,https://i.ytimg.com/vi/BOZ1yMHNpJA/hqdefault.jpg,2592,2024-01-30 17:59:55+00:00
TMS 2591: Louder Milk,2024-01-29T18:12:36Z,https://i.ytimg.com/vi/dHemmUshWe4/hqdefault.jpg,2591,2024-01-29 18:12:36+00:00
TMS 2590: Inaugural Dump,2024-01-25T18:29:13Z,https://i.ytimg.com/vi/TilFEbXJBQs/hqdefault.jpg,2590,2024-01-25 18:29:13+00:00
TMS 2589: Spider-Scents,2024-01-24T18:54:04Z,https://i.ytimg.com/vi/5R3QoZEbEZE/hqdefault.jpg,2589,2024-01-24 18:54:04+00:00
TMS 2588: Goldman Sucks,2024-01-23T18:26:17Z,https://i.ytimg.com/vi/gRHx5CdN7HQ/hqdefault.jpg,2588,2024-01-23 18:26:17+00:00
TMS 2586: Lyft With Your Legs,2024-01-22T18:26:38Z,https://i.ytimg.com/vi/vNxwDq_qMeA/hqdefault.jpg,2586,2024-01-22 18:26:38+00:00
TMS 2593: Phreakin&#39; Phones,2024-01-22T18:26:38Z,https://i.ytimg.com/vi/DeGAEu7ny1w/hqdefault.jpg,2593,2024-01-22 18:26:38+00:00
TMS 2585: Rhesus Species,2024-01-18T18:52:25Z,https://i.ytimg.com/vi/MahbOJpGniw/hqdefault.jpg,2585,2024-01-18 18:52:25+00:00
TMS 2584: Blepharitis!,2024-01-17T18:46:20Z,https://i.ytimg.com/vi/133SvAkukoU/hqdefault.jpg,2584,2024-01-17 18:46:20+00:00
TMS 2583: Burner Herzog,2024-01-16T18:14:48Z,https://i.ytimg.com/vi/O4Mz4Zklh58/hqdefault.jpg,2583,2024-01-16 18:14:48+00:00
TMS 2582: Moist Points,2024-01-15T18:25:01Z,https://i.ytimg.com/vi/RZFTbfL-zCI/hqdefault.jpg,2582,2024-01-15 18:25:01+00:00
TMS 2581: Scuntry,2024-01-11T19:01:55Z,https://i.ytimg.com/vi/HOxbhULp0qo/hqdefault.jpg,2581,2024-01-11 19:01:55+00:00
TMS 2580: PonBon,2024-01-10T18:50:15Z,https://i.ytimg.com/vi/1g51tlSvaL0/hqdefault.jpg,2580,2024-01-10 18:50:15+00:00
TMS 2579: Industrial Rapping,2024-01-09T18:17:06Z,https://i.ytimg.com/vi/hCu0EwVAcoE/hqdefault.jpg,2579,2024-01-09 18:17:06+00:00
TMS 2578: What Kind of a Skeletal Deal?,2024-01-08T18:20:43Z,https://i.ytimg.com/vi/bgtQjwiIUt4/hqdefault.jpg,2578,2024-01-08 18:20:43+00:00
TMS 2577: David Cop A Feel,2024-01-04T17:25:04Z,https://i.ytimg.com/vi/F6ThQTxZ-10/hqdefault.jpg,2577,2024-01-04 17:25:04+00:00
TMS 2576: Change the Chicken Oil,2024-01-03T18:24:46Z,https://i.ytimg.com/vi/5Urgd-0fq6Q/hqdefault.jpg,2576,2024-01-03 18:24:46+00:00
"TMS 2575: New Year, Same Show",2024-01-02T17:51:38Z,https://i.ytimg.com/vi/ow6ojAXB-cw/hqdefault.jpg,2575,2024-01-02 17:51:38+00:00
TMS 2573: A Reptile Disfunction,2023-12-21T18:18:05Z,https://i.ytimg.com/vi/6S2CC1nlvVg/hqdefault.jpg,2573,2023-12-21 18:18:05+00:00
TMS 2572: Rooster McCogburn,2023-12-20T18:38:02Z,https://i.ytimg.com/vi/wnqTNW_zRqE/hqdefault.jpg,2572,2023-12-20 18:38:02+00:00
TMS 2571: The War on Dougs,2023-12-19T18:14:34Z,https://i.ytimg.com/vi/Q7eiDdji3Pk/hqdefault.jpg,2571,2023-12-19 18:14:34+00:00
TMS 2570: Holiday Nog,2023-12-18T18:10:29Z,https://i.ytimg.com/vi/3xIF87yEWHs/hqdefault.jpg,2570,2023-12-18 18:10:29+00:00
TMS 2569: Artistic Nudity,2023-12-14T18:45:22Z,https://i.ytimg.com/vi/We1VN33KX_Q/hqdefault.jpg,2569,2023-12-14 18:45:22+00:00
TMS 2568: Podfirming,2023-12-12T17:47:07Z,https://i.ytimg.com/vi/mB5sSxRvLbk/hqdefault.jpg,2568,2023-12-12 17:47:07+00:00
TMS 2567: Tomato Blame,2023-12-11T18:13:47Z,https://i.ytimg.com/vi/zrwk08DGhNg/hqdefault.jpg,2567,2023-12-11 18:13:47+00:00
TMS 2566: Seat Meat,2023-12-07T18:30:15Z,https://i.ytimg.com/vi/_0KheqyURuE/hqdefault.jpg,2566,2023-12-07 18:30:15+00:00
TMS 2565: Mister Meat Sticks,2023-12-06T18:16:55Z,https://i.ytimg.com/vi/3Sr33_MCKVw/hqdefault.jpg,2565,2023-12-06 18:16:55+00:00
TMS 2564: Mac &amp; No Cheese,2023-12-05T18:09:26Z,https://i.ytimg.com/vi/nE6f0PCz-Yk/hqdefault.jpg,2564,2023-12-05 18:09:26+00:00
TMS 2563: Suitably whackadoo,2023-12-04T18:02:23Z,https://i.ytimg.com/vi/9v8oyIhNdtc/hqdefault.jpg,2563,2023-12-04 18:02:23+00:00
TMS 2562: Discount Shocker,2023-11-30T18:45:40Z,https://i.ytimg.com/vi/F158O0JN7M4/hqdefault.jpg,2562,2023-11-30 18:45:40+00:00
TMS 2561: The Squid Ink Games,2023-11-29T18:53:44Z,https://i.ytimg.com/vi/hRdJxivqg5s/hqdefault.jpg,2561,2023-11-29 18:53:44+00:00
TMS 2560: Auto-Baton,2023-11-28T17:55:25Z,https://i.ytimg.com/vi/TrpImAfXfH8/hqdefault.jpg,2560,2023-11-28 17:55:25+00:00
TMS 2559: Liquor Piquor,2023-11-27T17:34:57Z,https://i.ytimg.com/vi/8v99A7ddS4A/hqdefault.jpg,2559,2023-11-27 17:34:57+00:00
TMS 2557: Hobo Face Pancakes,2023-11-20T18:34:13Z,https://i.ytimg.com/vi/rGqMigljSl4/hqdefault.jpg,2557,2023-11-20 18:34:13+00:00
TMS 2556: All Hail Shlamoopy,2023-11-16T19:10:38Z,https://i.ytimg.com/vi/AYnGO6UBuHc/hqdefault.jpg,2556,2023-11-16 19:10:38+00:00
TMS 2555: The Wrong Whopper,2023-11-15T18:47:18Z,https://i.ytimg.com/vi/GAC3ufHMe-o/hqdefault.jpg,2555,2023-11-15 18:47:18+00:00
TMS 2554: Toolbag in Orbit,2023-11-14T18:03:53Z,https://i.ytimg.com/vi/4uVz3r5ZkD8/hqdefault.jpg,2554,2023-11-14 18:03:53+00:00
TMS 2553: The Chicken Zone,2023-11-13T18:33:48Z,https://i.ytimg.com/vi/sgIciwXRzdg/hqdefault.jpg,2553,2023-11-13 18:33:48+00:00
TMS 2552: Prickly Mouth Feel,2023-11-09T18:24:30Z,https://i.ytimg.com/vi/FTq_G99lERI/hqdefault.jpg,2552,2023-11-09 18:24:30+00:00
TMS 2551: Herb Your Enthusiasm,2023-11-08T18:29:31Z,https://i.ytimg.com/vi/d-SymddZA_Y/hqdefault.jpg,2551,2023-11-08 18:29:31+00:00
TMS 2550: Too Many Cox,2023-11-07T18:11:49Z,https://i.ytimg.com/vi/5reTW9N8Rg0/hqdefault.jpg,2550,2023-11-07 18:11:49+00:00
TMS 2549: Fargo Chipmunks,2023-11-06T18:05:45Z,https://i.ytimg.com/vi/RGOgfTu9uAo/hqdefault.jpg,2549,2023-11-06 18:05:45+00:00
TMS 2548: Snowloween,2023-11-02T17:31:54Z,https://i.ytimg.com/vi/snt7rjvqcGs/hqdefault.jpg,2548,2023-11-02 17:31:54+00:00
TMS 2547: Grocery Store Belt,2023-11-01T17:55:39Z,https://i.ytimg.com/vi/QaI6vkTbIGE/hqdefault.jpg,2547,2023-11-01 17:55:39+00:00
TMS 2546: Chewranchula,2023-10-31T17:26:02Z,https://i.ytimg.com/vi/lzxBwr30-s8/hqdefault.jpg,2546,2023-10-31 17:26:02+00:00
TMS 2545: Baggie of Soup,2023-10-30T17:19:56Z,https://i.ytimg.com/vi/AIsbnURx71Y/hqdefault.jpg,2545,2023-10-30 17:19:56+00:00
TMS 2544: Breed your Blakes,2023-10-26T17:22:08Z,https://i.ytimg.com/vi/pfGEPVbOj84/hqdefault.jpg,2544,2023-10-26 17:22:08+00:00
TMS 2543: A Brotherhood of Cheetos,2023-10-25T17:39:03Z,https://i.ytimg.com/vi/hB7mfDCZkZ8/hqdefault.jpg,2543,2023-10-25 17:39:03+00:00
TMS 2542: A Case O&#39; Queso,2023-10-24T17:30:49Z,https://i.ytimg.com/vi/jTFEj0lxNsM/hqdefault.jpg,2542,2023-10-24 17:30:49+00:00
TMS 2541: Southern Lag,2023-10-23T17:06:11Z,https://i.ytimg.com/vi/zvW8S5fXA-A/hqdefault.jpg,2541,2023-10-23 17:06:11+00:00
"TMS 2540: More, less great",2023-10-19T18:02:32Z,https://i.ytimg.com/vi/lhlUBACtuco/hqdefault.jpg,2540,2023-10-19 18:02:32+00:00
TMS 2539: No Show Yesterday,2023-10-18T18:10:08Z,https://i.ytimg.com/vi/L4yX1_LqV9I/hqdefault.jpg,2539,2023-10-18 18:10:08+00:00
TMS 2538: The Havening,2023-10-16T17:27:58Z,https://i.ytimg.com/vi/-FH1nEHzOms/hqdefault.jpg,2538,2023-10-16 17:27:58+00:00
TMS 2537: Fumpkin Spice,2023-10-12T17:54:59Z,https://i.ytimg.com/vi/JT0h-9GV8No/hqdefault.jpg,2537,2023-10-12 17:54:59+00:00
TMS 2536: Twice Fried A.I.,2023-10-11T17:31:39Z,https://i.ytimg.com/vi/-I96eMV8GOI/hqdefault.jpg,2536,2023-10-11 17:31:39+00:00
TMS 2535: Objectionable Vegetables,2023-10-10T17:28:47Z,https://i.ytimg.com/vi/Pg8sGqGBKMk/hqdefault.jpg,2535,2023-10-10 17:28:47+00:00
TMS 2534: Down To Wrench,2023-10-09T17:24:56Z,https://i.ytimg.com/vi/IZHFAFjUbEU/hqdefault.jpg,2534,2023-10-09 17:24:56+00:00
TMS 2533: Thank You For Chering,2023-10-05T18:03:15Z,https://i.ytimg.com/vi/cI7Y4vFvjx4/hqdefault.jpg,2533,2023-10-05 18:03:15+00:00
TMS 2532: Tantric Algebra,2023-10-03T17:36:22Z,https://i.ytimg.com/vi/F-aOoxzqpKY/hqdefault.jpg,2532,2023-10-03 17:36:22+00:00
TMS 2531: Knead You Tonight,2023-10-02T18:36:48Z,https://i.ytimg.com/vi/licZbHNnKYs/hqdefault.jpg,2531,2023-10-02 18:36:48+00:00
TMS 2530: GoRefundMe,2023-09-28T17:58:12Z,https://i.ytimg.com/vi/ES9BmS0v-7w/hqdefault.jpg,2530,2023-09-28 17:58:12+00:00
TMS 2529: Mainlining Some Cheddar,2023-09-27T17:57:56Z,https://i.ytimg.com/vi/s9ynKKbnTNU/hqdefault.jpg,2529,2023-09-27 17:57:56+00:00
TMS 2528: Barrel Fish,2023-09-26T17:12:43Z,https://i.ytimg.com/vi/gs-gKhS8H04/hqdefault.jpg,2528,2023-09-26 17:12:43+00:00
TMS 2527: Squatty Scrubby Dude,2023-09-25T17:14:10Z,https://i.ytimg.com/vi/HfN35RuxPLk/hqdefault.jpg,2527,2023-09-25 17:14:10+00:00
TMS 2526: Circadian Zombie Disruption,2023-09-20T18:20:27Z,https://i.ytimg.com/vi/_lwI0Cux9y8/hqdefault.jpg,2526,2023-09-20 18:20:27+00:00
TMS 2525: Nothing Flopped Out,2023-09-19T17:29:51Z,https://i.ytimg.com/vi/9l8ph4VB0qk/hqdefault.jpg,2525,2023-09-19 17:29:51+00:00
TMS 2524: Zit of Oppulence,2023-09-18T17:33:28Z,https://i.ytimg.com/vi/mlhfgyQS8Jw/hqdefault.jpg,2524,2023-09-18 17:33:28+00:00
TMS 2523: The Glove Department,2023-09-14T17:41:18Z,https://i.ytimg.com/vi/7g4ArbhgXwI/hqdefault.jpg,2523,2023-09-14 17:41:18+00:00
TMS 2522: Dirt Pink,2023-09-13T17:46:38Z,https://i.ytimg.com/vi/7aM0BcaptaI/hqdefault.jpg,2522,2023-09-13 17:46:38+00:00
TMS 2521: Mystical Mike and The Complete Monty,2023-09-12T17:16:16Z,https://i.ytimg.com/vi/WtmfNI9D74g/hqdefault.jpg,2521,2023-09-12 17:16:16+00:00
TMS 2519: Gopherfest,2023-09-11T17:38:11Z,https://i.ytimg.com/vi/-Wcn1-qx7eY/hqdefault.jpg,2519,2023-09-11 17:38:11+00:00
TMS 2518: Spirit of Halloween,2023-09-06T17:54:43Z,https://i.ytimg.com/vi/SSMIC_KuhPo/hqdefault.jpg,2518,2023-09-06 17:54:43+00:00
TMS 2517: Caffeinated Concrete,2023-09-05T17:30:17Z,https://i.ytimg.com/vi/jgAIYVioepQ/hqdefault.jpg,2517,2023-09-05 17:30:17+00:00
TMS 2516: Big Deck Energy,2023-08-31T17:53:02Z,https://i.ytimg.com/vi/q4d9Lo5NY5w/hqdefault.jpg,2516,2023-08-31 17:53:02+00:00
TMS 2515: Tad Lesso,2023-08-30T17:38:16Z,https://i.ytimg.com/vi/kbLJDR2qp0s/hqdefault.jpg,2515,2023-08-30 17:38:16+00:00
TMS 2514: SWARMBALL!!,2023-08-29T17:16:25Z,https://i.ytimg.com/vi/afzxrljAWU4/hqdefault.jpg,2514,2023-08-29 17:16:25+00:00
TMS 2513: Ear Regardless,2023-08-28T17:17:30Z,https://i.ytimg.com/vi/B9sYCANnyMc/hqdefault.jpg,2513,2023-08-28 17:17:30+00:00
TMS 2512: The dumb end of the stick,2023-08-23T17:45:38Z,https://i.ytimg.com/vi/Re4FgMjZBrE/hqdefault.jpg,2512,2023-08-23 17:45:38+00:00
TMS 2511: Lacrosse-over,2023-08-22T17:27:33Z,https://i.ytimg.com/vi/QRZjjC0zah4/hqdefault.jpg,2511,2023-08-22 17:27:33+00:00
TMS 2510: General Grievous Hug,2023-08-21T17:48:54Z,https://i.ytimg.com/vi/dqrnC3Xm4zk/hqdefault.jpg,2510,2023-08-21 17:48:54+00:00
TMS 2509: Grippage,2023-08-17T17:41:48Z,https://i.ytimg.com/vi/wbp4uKTijfM/hqdefault.jpg,2509,2023-08-17 17:41:48+00:00
TMS 2508: Proprietary Ooze,2023-08-16T17:32:42Z,https://i.ytimg.com/vi/Zgy-mPlCYFc/hqdefault.jpg,2508,2023-08-16 17:32:42+00:00
TMS 2507: Carcolepsy,2023-08-15T17:37:06Z,https://i.ytimg.com/vi/g5FUvLfnjeM/hqdefault.jpg,2507,2023-08-15 17:37:06+00:00
TMS 2506: Corial Anus,2023-08-14T17:01:22Z,https://i.ytimg.com/vi/PLT7dCRklZ0/hqdefault.jpg,2506,2023-08-14 17:01:22+00:00
TMS 2505: Carbonated Meat,2023-08-09T18:09:37Z,https://i.ytimg.com/vi/YSCtdhXRnyc/hqdefault.jpg,2505,2023-08-09 18:09:37+00:00
TMS 2504: Grandma&#39;s Greywater,2023-08-08T17:03:26Z,https://i.ytimg.com/vi/AvXnNSF_PSI/hqdefault.jpg,2504,2023-08-08 17:03:26+00:00
TMS 2503: Rat Tickler,2023-08-07T17:17:25Z,https://i.ytimg.com/vi/NF6Nig4REzg/hqdefault.jpg,2503,2023-08-07 17:17:25+00:00
TMS 2502: MOTHERLUNCH,2023-08-03T17:48:49Z,https://i.ytimg.com/vi/L80tQAnO08U/hqdefault.jpg,2502,2023-08-03 17:48:49+00:00
TMS 2501: Regret Slurpies,2023-08-02T17:28:08Z,https://i.ytimg.com/vi/FSGKke6V5sk/hqdefault.jpg,2501,2023-08-02 17:28:08+00:00
TMS 2500: May Contain Rocks,2023-08-01T17:01:49Z,https://i.ytimg.com/vi/V2nwYWNQXno/hqdefault.jpg,2500,2023-08-01 17:01:49+00:00
TMS 2499: Benito Del Taco,2023-07-26T17:47:35Z,https://i.ytimg.com/vi/6_Y6em2XTdI/hqdefault.jpg,2499,2023-07-26 17:47:35+00:00
TMS 2498: For the Hoard,2023-07-25T17:22:05Z,https://i.ytimg.com/vi/h9yuwg9L_w0/hqdefault.jpg,2498,2023-07-25 17:22:05+00:00
TMS 2497: Karen Abdul-Jabar,2023-07-24T17:11:49Z,https://i.ytimg.com/vi/EapDLgsoD88/hqdefault.jpg,2497,2023-07-24 17:11:49+00:00
TMS 2496: Thump That Melon,2023-07-20T17:28:37Z,https://i.ytimg.com/vi/uTg0Jot32XM/hqdefault.jpg,2496,2023-07-20 17:28:37+00:00
TMS 2495: Gran Chorizo,2023-07-19T17:47:19Z,https://i.ytimg.com/vi/c-l7RH_FHsM/hqdefault.jpg,2495,2023-07-19 17:47:19+00:00
TMS 2494: Slippery Chicks,2023-07-18T17:28:28Z,https://i.ytimg.com/vi/R3aTP8kY1uE/hqdefault.jpg,2494,2023-07-18 17:28:28+00:00
TMS 2493: Upscaley Mayonnaise,2023-07-17T17:48:03Z,https://i.ytimg.com/vi/EgSyFtHcoAQ/hqdefault.jpg,2493,2023-07-17 17:48:03+00:00
TMS 2492: Aquapocolypse,2023-07-13T17:33:46Z,https://i.ytimg.com/vi/q2xlbmP_jSg/hqdefault.jpg,2492,2023-07-13 17:33:46+00:00
TMS 2491: Cheese Feud,2023-07-12T17:54:41Z,https://i.ytimg.com/vi/E0LuxGtrcDE/hqdefault.jpg,2491,2023-07-12 17:54:41+00:00
TMS 2490: Outrageous Contagious,2023-07-11T17:30:37Z,https://i.ytimg.com/vi/9G-yI_2g9YU/hqdefault.jpg,2490,2023-07-11 17:30:37+00:00
TMS 2489: Aquafert,2023-07-10T17:28:37Z,https://i.ytimg.com/vi/TBYShv33Dn8/hqdefault.jpg,2489,2023-07-10 17:28:37+00:00
TMS 2488: Birds are Dicks!,2023-07-05T17:49:04Z,https://i.ytimg.com/vi/zan77OteWzc/hqdefault.jpg,2488,2023-07-05 17:49:04+00:00
TMS 2487: Very Muppety,2023-06-29T17:49:38Z,https://i.ytimg.com/vi/x6IKjaB9Fd8/hqdefault.jpg,2487,2023-06-29 17:49:38+00:00
TMS 2486: Dead Media Society,2023-06-28T17:42:36Z,https://i.ytimg.com/vi/93eCJrO-DjQ/hqdefault.jpg,2486,2023-06-28 17:42:36+00:00
TMS 2485: Biggest of Shots,2023-06-27T17:38:47Z,https://i.ytimg.com/vi/3_SAU49yeyM/hqdefault.jpg,2485,2023-06-27 17:38:47+00:00
TMS 2484: Embrace the butter,2023-06-26T17:04:42Z,https://i.ytimg.com/vi/N_YTSCX_hlE/hqdefault.jpg,2484,2023-06-26 17:04:42+00:00
TMS 2483: Practical &amp; Not Janky,2023-06-22T16:47:48Z,https://i.ytimg.com/vi/IHMqlmW7MFo/hqdefault.jpg,2483,2023-06-22 16:47:48+00:00
TMS 2482: Gross Point Scott Blank,2023-06-21T17:49:03Z,https://i.ytimg.com/vi/t2xH8fIuNHU/hqdefault.jpg,2482,2023-06-21 17:49:03+00:00
TMS 2481: The Nitty &amp; The Gritty,2023-06-20T17:43:04Z,https://i.ytimg.com/vi/-RDJrVbu6rw/hqdefault.jpg,2481,2023-06-20 17:43:04+00:00
"TMS 2480: Oops, All Barbs",2023-06-15T17:30:03Z,https://i.ytimg.com/vi/76rKLWDm-EQ/hqdefault.jpg,2480,2023-06-15 17:30:03+00:00
TMS 2479: Cuke Umbers,2023-06-14T17:20:00Z,https://i.ytimg.com/vi/d4nd1-gs1sg/hqdefault.jpg,2479,2023-06-14 17:20:00+00:00
TMS 2478: ChurchGPT,2023-06-13T17:25:14Z,https://i.ytimg.com/vi/5Ssl6THGHGw/hqdefault.jpg,2478,2023-06-13 17:25:14+00:00
TMS 2477: Heaving Dragon,2023-06-12T16:56:21Z,https://i.ytimg.com/vi/P4_-Dbvw2rs/hqdefault.jpg,2477,2023-06-12 16:56:21+00:00
TMS 2476: Fred Raggle,2023-06-08T16:37:13Z,https://i.ytimg.com/vi/iGVesM4eAlg/hqdefault.jpg,2476,2023-06-08 16:37:13+00:00
TMS 2475: Insto TikTok,2023-06-07T18:45:01Z,https://i.ytimg.com/vi/f4eM8ROyc88/hqdefault.jpg,2475,2023-06-07 18:45:01+00:00
TMS 2474: Rancid Butter and Smelly Cheese,2023-06-06T17:46:51Z,https://i.ytimg.com/vi/hskf9c05KtE/hqdefault.jpg,2474,2023-06-06 17:46:51+00:00
TMS 2473: The Hole Healed,2023-06-05T17:03:07Z,https://i.ytimg.com/vi/9ueoY6XCQRs/hqdefault.jpg,2473,2023-06-05 17:03:07+00:00
TMS 2472: Squandered Opportunity,2023-06-01T17:29:50Z,https://i.ytimg.com/vi/XobPxuYeRsM/hqdefault.jpg,2472,2023-06-01 17:29:50+00:00
TMS 2471: Hardy Farties,2023-05-31T18:00:07Z,https://i.ytimg.com/vi/K08Rr1xAjfs/hqdefault.jpg,2471,2023-05-31 18:00:07+00:00
TMS 2470: Permanent Nubbins,2023-05-30T18:01:54Z,https://i.ytimg.com/vi/mdMPQ47EB-o/hqdefault.jpg,2470,2023-05-30 18:01:54+00:00
TMS 2469: N is for Mountain,2023-05-25T18:02:49Z,https://i.ytimg.com/vi/YtXHtHgj4t4/hqdefault.jpg,2469,2023-05-25 18:02:49+00:00
TMS 2468: Intentional International,2023-05-24T17:57:04Z,https://i.ytimg.com/vi/1dodsj_SG84/hqdefault.jpg,2468,2023-05-24 17:57:04+00:00
TMS 2467: Patella Pasta,2023-05-23T17:36:05Z,https://i.ytimg.com/vi/g8MEtBi5wtQ/hqdefault.jpg,2467,2023-05-23 17:36:05+00:00
TMS 2466: Pizza is Public Food,2023-05-22T17:29:27Z,https://i.ytimg.com/vi/mVg6GW4fErQ/hqdefault.jpg,2466,2023-05-22 17:29:27+00:00
TMS 2465: Hard Lyfting,2023-05-18T17:46:45Z,https://i.ytimg.com/vi/10M5lbwsiZo/hqdefault.jpg,2465,2023-05-18 17:46:45+00:00
TMS 2464: Hairy Lady Knuckles,2023-05-11T18:04:26Z,https://i.ytimg.com/vi/3u2wb0zhFyM/hqdefault.jpg,2464,2023-05-11 18:04:26+00:00
TMS 2463: California EXTREME!,2023-05-10T18:09:14Z,https://i.ytimg.com/vi/5H7WbrhIFfY/hqdefault.jpg,2463,2023-05-10 18:09:14+00:00
TMS 2462: Blue On-Air Light,2023-05-09T17:17:56Z,https://i.ytimg.com/vi/1zbVjJhn2aQ/hqdefault.jpg,2462,2023-05-09 17:17:56+00:00
TMS 2461: The Royal Toot,2023-05-08T17:58:46Z,https://i.ytimg.com/vi/6ETvSQBxubM/hqdefault.jpg,2461,2023-05-08 17:58:46+00:00
TMS 2460: Popeye Soprano,2023-05-04T17:36:51Z,https://i.ytimg.com/vi/ZMbCM80wwu8/hqdefault.jpg,2460,2023-05-04 17:36:51+00:00
TMS 2459: Poke Shiny Things On A Screen,2023-05-03T18:06:55Z,https://i.ytimg.com/vi/1PlyAhdrbog/hqdefault.jpg,2459,2023-05-03 18:06:55+00:00
TMS 2458: Karaoke Virgin,2023-05-02T17:45:01Z,https://i.ytimg.com/vi/u8sr23Vhci0/hqdefault.jpg,2458,2023-05-02 17:45:01+00:00
"TMS 2456: Bed, Bugs and Beyond!",2023-04-20T18:00:31Z,https://i.ytimg.com/vi/pJ5XEOECKVI/hqdefault.jpg,2456,2023-04-20 18:00:31+00:00
TMS 2455: Original Flavor Dax (tip of show missing),2023-04-19T18:06:47Z,https://i.ytimg.com/vi/4MEA2X2ZGSM/hqdefault.jpg,2455,2023-04-19 18:06:47+00:00
TMS 2454: Shub Genre,2023-04-18T18:00:15Z,https://i.ytimg.com/vi/gtDON72BUbk/hqdefault.jpg,2454,2023-04-18 18:00:15+00:00
TMS 2453: Metting &amp; Gretting,2023-04-18T05:34:42Z,https://i.ytimg.com/vi/JNgS41aot84/hqdefault.jpg,2453,2023-04-18 05:34:42+00:00
TMS 2452: Interpolation Automation,2023-04-12T19:09:47Z,https://i.ytimg.com/vi/hv_61nFrUgI/hqdefault.jpg,2452,2023-04-12 19:09:47+00:00
TMS 2450: Gross and Sexy,2023-04-10T18:00:16Z,https://i.ytimg.com/vi/mQkEnb8ZOrE/hqdefault.jpg,2450,2023-04-10 18:00:16+00:00
TMS 2448: Ghost Insurance,2023-04-05T18:00:02Z,https://i.ytimg.com/vi/9W0GJ69oLfY/hqdefault.jpg,2448,2023-04-05 18:00:02+00:00
TMS 2447: Escape O&#39;Room,2023-04-04T18:00:18Z,https://i.ytimg.com/vi/p8ePHiIDLxY/hqdefault.jpg,2447,2023-04-04 18:00:18+00:00
TMS 2446: Bare Minimum Monday,2023-04-03T17:20:00Z,https://i.ytimg.com/vi/Yb0gRdtjP6g/hqdefault.jpg,2446,2023-04-03 17:20:00+00:00
TMS 2445: Stray Chicklet,2023-03-30T18:00:01Z,https://i.ytimg.com/vi/1NPj-RihSsE/hqdefault.jpg,2445,2023-03-30 18:00:01+00:00
TMS 2443: The Singular Peanut,2023-03-28T18:00:06Z,https://i.ytimg.com/vi/JzjGMoVZycs/hqdefault.jpg,2443,2023-03-28 18:00:06+00:00
TMS 2442: Plain White Tea,2023-03-27T22:00:35Z,https://i.ytimg.com/vi/u1SKDKTfEMM/hqdefault.jpg,2442,2023-03-27 22:00:35+00:00
TMS 2441: Dune Mom,2023-03-23T18:00:18Z,https://i.ytimg.com/vi/p-6wJdoLfvU/hqdefault.jpg,2441,2023-03-23 18:00:18+00:00
TMS 2440: Tickle Pips (REPOST WITH FIXED LENGTH),2023-03-22T23:40:01Z,https://i.ytimg.com/vi/Ilpg7SzP60E/hqdefault.jpg,2440,2023-03-22 23:40:01+00:00
TMS 2439: Kiss your ant,2023-03-21T17:30:04Z,https://i.ytimg.com/vi/bp_NIXsoUKg/hqdefault.jpg,2439,2023-03-21 17:30:04+00:00
TMS 2438: Weird Pork Extras,2023-03-20T17:15:01Z,https://i.ytimg.com/vi/L2t7gmX977Y/hqdefault.jpg,2438,2023-03-20 17:15:01+00:00
TMS 2437: Rats in the corn chute,2023-03-16T18:10:00Z,https://i.ytimg.com/vi/WIegSYNhT7U/hqdefault.jpg,2437,2023-03-16 18:10:00+00:00
TMS 2433: Grooton,2023-03-08T18:55:40Z,https://i.ytimg.com/vi/288UfeQhrUI/hqdefault.jpg,2433,2023-03-08 18:55:40+00:00
TMS 2432: Flip Floppy Hoo Ha,2023-03-07T18:58:00Z,https://i.ytimg.com/vi/qDGOWn6gZmM/hqdefault.jpg,2432,2023-03-07 18:58:00+00:00
TMS 2431: My Sandwich Board Hell,2023-03-06T18:35:00Z,https://i.ytimg.com/vi/ThG2AWgmM7U/hqdefault.jpg,2431,2023-03-06 18:35:00+00:00
TMS 2430: Bougie Picnic Basket,2023-03-02T19:02:38Z,https://i.ytimg.com/vi/YYpk53GO1t8/hqdefault.jpg,2430,2023-03-02 19:02:38+00:00
TMS 2428: Uncomfortably Numb,2023-02-28T18:58:23Z,https://i.ytimg.com/vi/UwAt7zaOTr8/hqdefault.jpg,2428,2023-02-28 18:58:23+00:00
TMS 2427: Exit Teeth,2023-02-23T19:09:39Z,https://i.ytimg.com/vi/jCylHzTq4Rw/hqdefault.jpg,2427,2023-02-23 19:09:39+00:00
TMS 2426: Almond Taylor Joy,2023-02-22T18:50:14Z,https://i.ytimg.com/vi/EpgHXHJ8lGM/hqdefault.jpg,2426,2023-02-22 18:50:14+00:00
TMS 2425: Sleep Podcasting,2023-02-21T18:42:01Z,https://i.ytimg.com/vi/xQ5ypucTYxg/hqdefault.jpg,2425,2023-02-21 18:42:01+00:00
TMS 2422: A Cup of Coughy,2023-02-15T19:05:35Z,https://i.ytimg.com/vi/Pn1flEWAu7w/hqdefault.jpg,2422,2023-02-15 19:05:35+00:00
TMS 2421: Halley&#39;s Potato,2023-02-14T18:41:00Z,https://i.ytimg.com/vi/bNsGWOGZO-4/hqdefault.jpg,2421,2023-02-14 18:41:00+00:00
TMS 2420: Back in the war days,2023-02-13T18:35:43Z,https://i.ytimg.com/vi/Jh04lpi4b_E/hqdefault.jpg,2420,2023-02-13 18:35:43+00:00
TMS 2419: Don&#39;t Touch the Thermos Tat,2023-02-08T18:45:00Z,https://i.ytimg.com/vi/1FwWvNnGo4Y/hqdefault.jpg,2419,2023-02-08 18:45:00+00:00
TMS 2418: Deep Galileo Hole,2023-02-07T18:44:49Z,https://i.ytimg.com/vi/Y32fZ0D2O8s/hqdefault.jpg,2418,2023-02-07 18:44:49+00:00
TMS 2417: Body Doodle,2023-02-07T18:33:43Z,https://i.ytimg.com/vi/G7ZWp_yNiJg/hqdefault.jpg,2417,2023-02-07 18:33:43+00:00
TMS 2416: Pavlov&#39;s Chatroom,2023-02-02T18:50:56Z,https://i.ytimg.com/vi/NDSSEtrv770/hqdefault.jpg,2416,2023-02-02 18:50:56+00:00
TMS 2414: Portal Fixation,2023-02-01T18:55:00Z,https://i.ytimg.com/vi/fblcIC2AcPU/hqdefault.jpg,2414,2023-02-01 18:55:00+00:00
TMS 2414: 4K Por Que,2023-01-31T18:45:01Z,https://i.ytimg.com/vi/XuZrrAEex0A/hqdefault.jpg,2414,2023-01-31 18:45:01+00:00
"TMS 2413: Hi, the Cure",2023-01-30T18:16:44Z,https://i.ytimg.com/vi/pP4axGO7KXo/hqdefault.jpg,2413,2023-01-30 18:16:44+00:00
TMS 2412: Groinal Zones,2023-01-25T18:46:45Z,https://i.ytimg.com/vi/7RPTpX9l3Mw/hqdefault.jpg,2412,2023-01-25 18:46:45+00:00
TMS 2411: Paging Dr Tang,2023-01-24T18:30:11Z,https://i.ytimg.com/vi/EIMb5dW6vhY/hqdefault.jpg,2411,2023-01-24 18:30:11+00:00
TMS 2410: Beefy Tips,2023-01-23T18:41:10Z,https://i.ytimg.com/vi/XcLlQQfu0wo/hqdefault.jpg,2410,2023-01-23 18:41:10+00:00
TMS 2409: Edging The Vinyl,2023-01-19T18:03:39Z,https://i.ytimg.com/vi/LbAUt3OEOY4/hqdefault.jpg,2409,2023-01-19 18:03:39+00:00
TMS 2408: Optimistically Pessimistic!,2023-01-18T18:46:39Z,https://i.ytimg.com/vi/2Qzb3Q1c4LE/hqdefault.jpg,2408,2023-01-18 18:46:39+00:00
TMS 2407: Let&#39;s go Cantaloupe!,2023-01-17T18:31:35Z,https://i.ytimg.com/vi/gVTc9Rr2MDU/hqdefault.jpg,2407,2023-01-17 18:31:35+00:00
TMS 2406: Feetures include Paytoween!,2023-01-12T18:50:45Z,https://i.ytimg.com/vi/BdVNWoUYEYQ/hqdefault.jpg,2406,2023-01-12 18:50:45+00:00
TMS 2405: Large Form Marshmallow,2023-01-11T18:34:10Z,https://i.ytimg.com/vi/IDBX0cd-iGY/hqdefault.jpg,2405,2023-01-11 18:34:10+00:00
TMS 2404: Boomer Buddies,2023-01-10T18:27:36Z,https://i.ytimg.com/vi/AfXt9kJFC0s/hqdefault.jpg,2404,2023-01-10 18:27:36+00:00
TMS 2403: Professional Eye Roller,2023-01-09T18:15:02Z,https://i.ytimg.com/vi/fnQLJUrqgYM/hqdefault.jpg,2403,2023-01-09 18:15:02+00:00
TMS 2400: Egg Nog Zero,2023-01-03T18:00:32Z,https://i.ytimg.com/vi/aSC0gFnYuwY/hqdefault.jpg,2400,2023-01-03 18:00:32+00:00
TMS 2398: Roiders of the Purple Sage,2022-12-28T18:45:01Z,https://i.ytimg.com/vi/rAih7DQwDdU/hqdefault.jpg,2398,2022-12-28 18:45:01+00:00
TMS 2396: Anson Dismount,2022-12-26T18:39:01Z,https://i.ytimg.com/vi/lJ7fCz4DTJY/hqdefault.jpg,2396,2022-12-26 18:39:01+00:00
TMS 2396: Resting trucker hat,2022-12-22T19:10:00Z,https://i.ytimg.com/vi/_zd-UrBiMME/hqdefault.jpg,2396,2022-12-22 19:10:00+00:00
TMS 2394: Thanos Ginger Snap,2022-12-20T18:15:03Z,https://i.ytimg.com/vi/fen_YoRXD6s/hqdefault.jpg,2394,2022-12-20 18:15:03+00:00
TMS 2392: Meth on the Cob,2022-12-15T18:33:07Z,https://i.ytimg.com/vi/xm4mb6dHaf4/hqdefault.jpg,2392,2022-12-15 18:33:07+00:00
TMS 2390: Big Polygamy Vans,2022-12-12T18:18:28Z,https://i.ytimg.com/vi/SQ_CFZFRHkY/hqdefault.jpg,2390,2022-12-12 18:18:28+00:00
TMS 2389: Hello sticky kitters,2022-12-08T18:32:28Z,https://i.ytimg.com/vi/meyPECXJKBQ/hqdefault.jpg,2389,2022-12-08 18:32:28+00:00
TMS 2388: Rise Revolt Repeat,2022-12-07T18:47:41Z,https://i.ytimg.com/vi/StbDNBCXZzs/hqdefault.jpg,2388,2022-12-07 18:47:41+00:00
TMS 2387: Plumsplaining,2022-12-06T18:25:00Z,https://i.ytimg.com/vi/BA2seTqpYOg/hqdefault.jpg,2387,2022-12-06 18:25:00+00:00
TMS 2386: Adventure Pizza,2022-12-05T18:10:00Z,https://i.ytimg.com/vi/AXALnZNWNKI/hqdefault.jpg,2386,2022-12-05 18:10:00+00:00
TMS 2385: Herd of Freaky Turkeys,2022-12-01T18:54:25Z,https://i.ytimg.com/vi/N97zGrmMT6c/hqdefault.jpg,2385,2022-12-01 18:54:25+00:00
TMS 2384: Batteries Not Ingested,2022-11-30T19:20:38Z,https://i.ytimg.com/vi/kN3Lvp8zymA/hqdefault.jpg,2384,2022-11-30 19:20:38+00:00
TMS 2382: Related Turkeys,2022-11-28T18:23:02Z,https://i.ytimg.com/vi/nDVU0eXsVLI/hqdefault.jpg,2382,2022-11-28 18:23:02+00:00
TMS 2381: Peppy le Pugh,2022-11-23T18:50:20Z,https://i.ytimg.com/vi/skymXKPCwHs/hqdefault.jpg,2381,2022-11-23 18:50:20+00:00
TMS 2379: The Old Ball and Chainsaw,2022-11-21T19:00:16Z,https://i.ytimg.com/vi/NNUYZTWoPH8/hqdefault.jpg,2379,2022-11-21 19:00:16+00:00
TMS 2378: Probably Pacino,2022-11-10T19:01:53Z,https://i.ytimg.com/vi/E6Dwfo3feXM/hqdefault.jpg,2378,2022-11-10 19:01:53+00:00
TMS 2377: Open Carry Chicken!,2022-11-09T18:45:02Z,https://i.ytimg.com/vi/gn3GfrfnxLQ/hqdefault.jpg,2377,2022-11-09 18:45:02+00:00
TMS 2376: Sorry Dead People!,2022-11-08T18:30:22Z,https://i.ytimg.com/vi/M6A1g6Mcqxk/hqdefault.jpg,2376,2022-11-08 18:30:22+00:00
TMS 2375: Avengers! Detention!,2022-11-07T18:10:00Z,https://i.ytimg.com/vi/t5tOHPN8wxQ/hqdefault.jpg,2375,2022-11-07 18:10:00+00:00
TMS 2374: No Context Pumpkin,2022-11-03T18:08:52Z,https://i.ytimg.com/vi/rbXGvJETgOU/hqdefault.jpg,2374,2022-11-03 18:08:52+00:00
TMS 2373: Ulf Busdriversson,2022-11-02T17:50:00Z,https://i.ytimg.com/vi/pdPLCAzrwcY/hqdefault.jpg,2373,2022-11-02 17:50:00+00:00
TMS 2371: Lower Deck Nougat,2022-10-31T17:25:28Z,https://i.ytimg.com/vi/RPct1dYvrtA/hqdefault.jpg,2371,2022-10-31 17:25:28+00:00
TMS 2370: Angle Face,2022-10-27T18:02:59Z,https://i.ytimg.com/vi/Ujh8a5VDgXI/hqdefault.jpg,2370,2022-10-27 18:02:59+00:00
TMS 2369: Always Assume Spider,2022-10-26T17:35:01Z,https://i.ytimg.com/vi/OoCTsYS6-rI/hqdefault.jpg,2369,2022-10-26 17:35:01+00:00
TMS 2368: The Replacement Jedi,2022-10-25T17:40:01Z,https://i.ytimg.com/vi/YmVYS59pnNE/hqdefault.jpg,2368,2022-10-25 17:40:01+00:00
TMS 2367: Maize Maze,2022-10-24T17:13:21Z,https://i.ytimg.com/vi/INkksxqounA/hqdefault.jpg,2367,2022-10-24 17:13:21+00:00
TMS 2363: What&#39;s in YOUR tube meat?,2022-10-13T17:50:39Z,https://i.ytimg.com/vi/rilcw9ArZD0/hqdefault.jpg,2363,2022-10-13 17:50:39+00:00
TMS 2361: Moist Meat Prison,2022-10-11T17:46:17Z,https://i.ytimg.com/vi/R50-4vQmKbo/hqdefault.jpg,2361,2022-10-11 17:46:17+00:00
TMS 2360: Porch Pirate Prevention,2022-10-10T17:10:00Z,https://i.ytimg.com/vi/Xy4vdTxRY14/hqdefault.jpg,2360,2022-10-10 17:10:00+00:00
TMS 2358: Pins &amp; Pens,2022-10-05T17:52:20Z,https://i.ytimg.com/vi/CbkTZR9sSYA/hqdefault.jpg,2358,2022-10-05 17:52:20+00:00
TMS 2357: Spaceship On A Stick,2022-10-04T17:40:00Z,https://i.ytimg.com/vi/b3_hfn_qEo4/hqdefault.jpg,2357,2022-10-04 17:40:00+00:00
TMS 2352: Pollywood Handshake,2022-09-26T17:10:35Z,https://i.ytimg.com/vi/xN4jbYmgO14/hqdefault.jpg,2352,2022-09-26 17:10:35+00:00
TMS 2351: Hesitant Evil,2022-09-22T17:40:01Z,https://i.ytimg.com/vi/XWsoLgW84ok/hqdefault.jpg,2351,2022-09-22 17:40:01+00:00
TMS 2350: Sentient Signatures,2022-09-21T17:59:00Z,https://i.ytimg.com/vi/gR-FkhkhBLc/hqdefault.jpg,2350,2022-09-21 17:59:00+00:00
TMS 2347: Towel Sniffing Dogs,2022-09-14T17:40:00Z,https://i.ytimg.com/vi/7qtjt8hFkhg/hqdefault.jpg,2347,2022-09-14 17:40:00+00:00
TMS 2346: Sploot Your Beans,2022-09-13T17:30:02Z,https://i.ytimg.com/vi/IY7oL4-DsY8/hqdefault.jpg,2346,2022-09-13 17:30:02+00:00
TMS 2345: Sweet Pickle Peanuts,2022-09-12T17:40:00Z,https://i.ytimg.com/vi/AJQUdCkVKgQ/hqdefault.jpg,2345,2022-09-12 17:40:00+00:00
TMS 2344: Snoop Lore,2022-09-08T18:35:14Z,https://i.ytimg.com/vi/Ky4IUfzFn4I/hqdefault.jpg,2344,2022-09-08 18:35:14+00:00
TMS 2343: Danny Trio,2022-09-07T18:00:08Z,https://i.ytimg.com/vi/UdJsWddwi-4/hqdefault.jpg,2343,2022-09-07 18:00:08+00:00
TMS 2342: Aggressively Italian,2022-09-06T18:00:15Z,https://i.ytimg.com/vi/kHNX4HDFUfY/hqdefault.jpg,2342,2022-09-06 18:00:15+00:00
TMS 2341: Listen to this hole,2022-08-25T17:45:15Z,https://i.ytimg.com/vi/t8OIPua6SD4/hqdefault.jpg,2341,2022-08-25 17:45:15+00:00
TMS 2340: Red On Air Fluff,2022-08-24T18:00:14Z,https://i.ytimg.com/vi/JiMlfhGDVpg/hqdefault.jpg,2340,2022-08-24 18:00:14+00:00
TMS 2338: ForkLyfting,2022-08-22T17:14:00Z,https://i.ytimg.com/vi/3PS--2-RyLk/hqdefault.jpg,2338,2022-08-22 17:14:00+00:00
TMS 2336: The 7th traffic circle of Hell,2022-08-17T17:30:03Z,https://i.ytimg.com/vi/R3qN8BDfA2o/hqdefault.jpg,2336,2022-08-17 17:30:03+00:00
TMS 2334: Is Brad&#39;s Drink Okay?,2022-08-15T17:15:00Z,https://i.ytimg.com/vi/9q_rARp-6pk/hqdefault.jpg,2334,2022-08-15 17:15:00+00:00
TMS 2333: CMOS Smoothie,2022-08-11T17:20:00Z,https://i.ytimg.com/vi/QJN-3Kat_oM/hqdefault.jpg,2333,2022-08-11 17:20:00+00:00
"TMS 2332: Dungeons, Dragons and Dives",2022-08-10T17:34:00Z,https://i.ytimg.com/vi/XnBfD3zy8wg/hqdefault.jpg,2332,2022-08-10 17:34:00+00:00
TMS 2331: Peanut in Bed,2022-08-09T17:30:04Z,https://i.ytimg.com/vi/mM0c4WrXU2g/hqdefault.jpg,2331,2022-08-09 17:30:04+00:00
TMS 2329: Uber Duber Stuber,2022-08-04T17:20:00Z,https://i.ytimg.com/vi/NBPdFdtbCJw/hqdefault.jpg,2329,2022-08-04 17:20:00+00:00
"TMS 2327: Stop, drop and collaborate",2022-08-02T18:00:10Z,https://i.ytimg.com/vi/BAYo3RERxEA/hqdefault.jpg,2327,2022-08-02 18:00:10+00:00
TMS 2326: Everyone&#39;s the Rube,2022-08-01T17:00:26Z,https://i.ytimg.com/vi/t5yWYxuZz_8/hqdefault.jpg,2326,2022-08-01 17:00:26+00:00
"TMS 2325: Dude, Where&#39;s my license?",2022-07-28T17:45:05Z,https://i.ytimg.com/vi/W8bD_b8O68I/hqdefault.jpg,2325,2022-07-28 17:45:05+00:00
TMS 2322: Thiquid,2022-07-21T17:30:05Z,https://i.ytimg.com/vi/Q9IR83uoJIw/hqdefault.jpg,2322,2022-07-21 17:30:05+00:00
"TMS 2321: Shake that, Takespeare",2022-07-20T17:35:00Z,https://i.ytimg.com/vi/dH0T13tHMkQ/hqdefault.jpg,2321,2022-07-20 17:35:00+00:00
TMS 2318: The Kevin Kebab,2022-07-14T17:25:00Z,https://i.ytimg.com/vi/rWyU_-EAtfo/hqdefault.jpg,2318,2022-07-14 17:25:00+00:00
TMS 2318: Hey Bird Dogs,2022-07-13T17:45:03Z,https://i.ytimg.com/vi/WuGRemHW98M/hqdefault.jpg,2318,2022-07-13 17:45:03+00:00
TMS 2317: Insecto Cooter,2022-07-12T17:20:00Z,https://i.ytimg.com/vi/SOLqaRuhvVA/hqdefault.jpg,2317,2022-07-12 17:20:00+00:00
TMS 2316: Dry Erase Bear,2022-07-11T17:20:00Z,https://i.ytimg.com/vi/Vgk0wRBNcvg/hqdefault.jpg,2316,2022-07-11 17:20:00+00:00
TMS 2314: The Bed Ejection,2022-07-06T17:35:00Z,https://i.ytimg.com/vi/fB9GnJoQUqA/hqdefault.jpg,2314,2022-07-06 17:35:00+00:00
TMS 2312: Fiddlin&#39; with Fire,2022-06-30T17:10:00Z,https://i.ytimg.com/vi/yQdbA7na8LE/hqdefault.jpg,2312,2022-06-30 17:10:00+00:00
TMS 2310: This Other Garbage,2022-06-28T17:15:00Z,https://i.ytimg.com/vi/VF9zFmtrBKc/hqdefault.jpg,2310,2022-06-28 17:15:00+00:00
TMS 2309: Bicycle Oyster Cult,2022-06-27T17:15:02Z,https://i.ytimg.com/vi/i_CrmcjFEMM/hqdefault.jpg,2309,2022-06-27 17:15:02+00:00
TMS 2308: Mouth To Hose,2022-06-23T17:15:02Z,https://i.ytimg.com/vi/Y2TLHzW32OI/hqdefault.jpg,2308,2022-06-23 17:15:02+00:00
TMS 2306: Rotten Davitoe,2022-06-21T17:30:42Z,https://i.ytimg.com/vi/WGV6baViLcs/hqdefault.jpg,2306,2022-06-21 17:30:42+00:00
TMS 2305: Outpipe Spicy,2022-06-15T18:00:51Z,https://i.ytimg.com/vi/2v1B4HFkLcg/hqdefault.jpg,2305,2022-06-15 18:00:51+00:00
TMS 2303: Watt Hertz,2022-06-13T17:10:53Z,https://i.ytimg.com/vi/ri_OewilXaM/hqdefault.jpg,2303,2022-06-13 17:10:53+00:00
TMS 2299: I&#39;m A Car Shark,2022-06-02T17:00:29Z,https://i.ytimg.com/vi/ncd-DnZV8zU/hqdefault.jpg,2299,2022-06-02 17:00:29+00:00
TMS 2298: The Leavings of Newman,2022-06-01T18:00:31Z,https://i.ytimg.com/vi/hS4g2u1SMTI/hqdefault.jpg,2298,2022-06-01 18:00:31+00:00
TMS 2297: 28 Dresses Later...,2022-05-31T17:30:29Z,https://i.ytimg.com/vi/xhfL9FKOBrQ/hqdefault.jpg,2297,2022-05-31 17:30:29+00:00
TMS 2293: Benefit from her exit,2022-05-19T17:30:52Z,https://i.ytimg.com/vi/BxMIhq74szQ/hqdefault.jpg,2293,2022-05-19 17:30:52+00:00
TMS 2292: The Gnight of the Gnats,2022-05-18T18:00:23Z,https://i.ytimg.com/vi/yH1ABxFELQU/hqdefault.jpg,2292,2022-05-18 18:00:23+00:00
TMS 2289: Thiquid,2022-05-12T17:40:30Z,https://i.ytimg.com/vi/DKmyk-HwVYg/hqdefault.jpg,2289,2022-05-12 17:40:30+00:00
TMS 2287: Thickened Liquid Cereal,2022-05-10T17:40:25Z,https://i.ytimg.com/vi/ufgXtrqcZZI/hqdefault.jpg,2287,2022-05-10 17:40:25+00:00
TMS 2286: Word Constipation,2022-05-09T17:15:45Z,https://i.ytimg.com/vi/8MOkj2Hnw3k/hqdefault.jpg,2286,2022-05-09 17:15:45+00:00
TMS 2283: Met Galaga,2022-05-03T18:00:44Z,https://i.ytimg.com/vi/aXr8fIZq660/hqdefault.jpg,2283,2022-05-03 18:00:44+00:00
TMS 2279: Something to Tacobout,2022-04-19T17:45:26Z,https://i.ytimg.com/vi/OShgQ_gj6W4/hqdefault.jpg,2279,2022-04-19 17:45:26+00:00
TMS 2278: I am Defeato,2022-04-18T17:30:44Z,https://i.ytimg.com/vi/qPDv-p1l-2Y/hqdefault.jpg,2278,2022-04-18 17:30:44+00:00
TMS 2277: A Murder of Photographers,2022-04-13T17:34:11Z,https://i.ytimg.com/vi/9Ea7VM-paVs/hqdefault.jpg,2277,2022-04-13 17:34:11+00:00
"TMS 2274: Turn your key, sir!",2022-04-07T17:12:26Z,https://i.ytimg.com/vi/49chC7sztoY/hqdefault.jpg,2274,2022-04-07 17:12:26+00:00
TMS 2272: Oh Shire,2022-04-05T17:10:50Z,https://i.ytimg.com/vi/ya18vknNhGY/hqdefault.jpg,2272,2022-04-05 17:10:50+00:00
TMS 2267: Kenneth Grandmagh,2022-03-28T18:00:23Z,https://i.ytimg.com/vi/kec5dQ1UeZ4/hqdefault.jpg,2267,2022-03-28 18:00:23+00:00
TMS 2264: Bruce Willis Needs to Fart,2022-03-22T17:30:02Z,https://i.ytimg.com/vi/IAzfZW_L-iE/hqdefault.jpg,2264,2022-03-22 17:30:02+00:00
"TMS 2260: Whole, Delicious Triangles!",2022-03-15T17:30:26Z,https://i.ytimg.com/vi/4hrZdCWgPk8/hqdefault.jpg,2260,2022-03-15 17:30:26+00:00
TMS 2258: Mando Loves Chachi,2022-03-10T18:29:23Z,https://i.ytimg.com/vi/rmqyMRPovwM/hqdefault.jpg,2258,2022-03-10 18:29:23+00:00
TMS 2257: All of OUR Women!,2022-03-08T18:08:10Z,https://i.ytimg.com/vi/fjHFN7W8Dxc/hqdefault.jpg,2257,2022-03-08 18:08:10+00:00
TMS 2254: Jumbalaya Towels,2022-03-02T17:50:20Z,https://i.ytimg.com/vi/9A48WT5r7Fo/hqdefault.jpg,2254,2022-03-02 17:50:20+00:00
TMS 2251: Mis-Steak-O Taco,2022-02-24T17:59:15Z,https://i.ytimg.com/vi/qCne-gD8epg/hqdefault.jpg,2251,2022-02-24 17:59:15+00:00
TMS 2250: Nards and Knopes,2022-02-23T20:56:22Z,https://i.ytimg.com/vi/NyC9Bo_u-qA/hqdefault.jpg,2250,2022-02-23 20:56:22+00:00
TMS 2249: The Mayo Defense,2022-02-22T18:10:56Z,https://i.ytimg.com/vi/chLPa8939Gs/hqdefault.jpg,2249,2022-02-22 18:10:56+00:00
TMS 2247: Advil or Anduril?,2022-02-16T18:06:19Z,https://i.ytimg.com/vi/7f8FQwcUSAg/hqdefault.jpg,2247,2022-02-16 18:06:19+00:00
TMS 2246: Egging Bezos On,2022-02-15T18:17:21Z,https://i.ytimg.com/vi/yHCLQxjuDYI/hqdefault.jpg,2246,2022-02-15 18:17:21+00:00
TMS 2244: Kirby your enthusiasm.,2022-02-10T18:56:57Z,https://i.ytimg.com/vi/dTBbwaD011Q/hqdefault.jpg,2244,2022-02-10 18:56:57+00:00
TMS 2243: Loogie&#39;s Mantion,2022-02-09T18:34:53Z,https://i.ytimg.com/vi/wlG664lZDG8/hqdefault.jpg,2243,2022-02-09 18:34:53+00:00
TMS 2242: Foot Fetish Locker,2022-02-08T18:42:14Z,https://i.ytimg.com/vi/Qhse5FtfNV8/hqdefault.jpg,2242,2022-02-08 18:42:14+00:00
TMS 2241: Misteaks Were Made,2022-02-07T18:08:10Z,https://i.ytimg.com/vi/vWp960W_GGs/hqdefault.jpg,2241,2022-02-07 18:08:10+00:00
TMS 2238: Taste the conclusion,2022-01-31T18:03:28Z,https://i.ytimg.com/vi/BGBsPBdJyNA/hqdefault.jpg,2238,2022-01-31 18:03:28+00:00
TMS 2237: Top Pocket,2022-01-27T18:37:47Z,https://i.ytimg.com/vi/kmgN-Whte3M/hqdefault.jpg,2237,2022-01-27 18:37:47+00:00
TMS 2235: Scuzzy Bernoulli,2022-01-25T18:26:25Z,https://i.ytimg.com/vi/kmOU30ujEx8/hqdefault.jpg,2235,2022-01-25 18:26:25+00:00
TMS 2231: Regrexit,2022-01-13T18:25:24Z,https://i.ytimg.com/vi/I1uYJ8EDCGM/hqdefault.jpg,2231,2022-01-13 18:25:24+00:00
TMS 2226: Meticulous Meat,2022-01-05T18:34:08Z,https://i.ytimg.com/vi/vZH4mvSv8Oc/hqdefault.jpg,2226,2022-01-05 18:34:08+00:00
TMS 2224: The best show of the year...so far,2022-01-03T18:14:41Z,https://i.ytimg.com/vi/hf4FXxoA4Ew/hqdefault.jpg,2224,2022-01-03 18:14:41+00:00
TMS 2223: Alexa-cution,2021-12-30T18:00:27Z,https://i.ytimg.com/vi/8e8lq8thPxo/hqdefault.jpg,2223,2021-12-30 18:00:27+00:00
TMS 2220: Goth Jumanji,2021-12-27T18:06:12Z,https://i.ytimg.com/vi/D2phmJerpO4/hqdefault.jpg,2220,2021-12-27 18:06:12+00:00
TMS 2219: Gristly Angry Pig,2021-12-22T19:02:29Z,https://i.ytimg.com/vi/tmmG188G-1c/hqdefault.jpg,2219,2021-12-22 19:02:29+00:00
TMS 2217: Sinister Two-Thirds,2021-12-20T18:22:40Z,https://i.ytimg.com/vi/lb2A624KI2A/hqdefault.jpg,2217,2021-12-20 18:22:40+00:00
TMS 2216: Just Gurggle it,2021-12-16T21:22:04Z,https://i.ytimg.com/vi/zHOuXPs3k90/hqdefault.jpg,2216,2021-12-16 21:22:04+00:00
TMS 2210: The Millicent Episode,2021-12-01T18:42:05Z,https://i.ytimg.com/vi/QC66l4HO_Fk/hqdefault.jpg,2210,2021-12-01 18:42:05+00:00
TMS 2203: A Quota of Witches,2021-11-10T18:15:31Z,https://i.ytimg.com/vi/TiuQu4313sc/hqdefault.jpg,2203,2021-11-10 18:15:31+00:00
TMS 2202: Air Force Dave,2021-11-09T18:09:21Z,https://i.ytimg.com/vi/9viGMFskQc4/hqdefault.jpg,2202,2021-11-09 18:09:21+00:00
TMS 2200: Gruesome Space Chili,2021-11-04T17:21:23Z,https://i.ytimg.com/vi/O96E7QkvPQU/hqdefault.jpg,2200,2021-11-04 17:21:23+00:00
TMS 2199: Putting The Ween In Halloween,2021-11-03T17:27:05Z,https://i.ytimg.com/vi/2VVC0z7X91s/hqdefault.jpg,2199,2021-11-03 17:27:05+00:00
TMS 2198: This Is Not My Beautiful Dad,2021-11-02T17:23:19Z,https://i.ytimg.com/vi/XPZgl4VNP6w/hqdefault.jpg,2198,2021-11-02 17:23:19+00:00
TMS 2197: Monkey Adjacent,2021-10-28T17:42:33Z,https://i.ytimg.com/vi/xO15LPwuiL0/hqdefault.jpg,2197,2021-10-28 17:42:33+00:00
TMS 2194: Harkonen O&#39;Brien,2021-10-25T17:18:45Z,https://i.ytimg.com/vi/mSLEBOebW1g/hqdefault.jpg,2194,2021-10-25 17:18:45+00:00
TMS 2190: You wanna be creepy?,2021-10-14T17:32:59Z,https://i.ytimg.com/vi/_g6Ht8kRcmY/hqdefault.jpg,2190,2021-10-14 17:32:59+00:00
TMS 2189: Accidental Dream,2021-10-13T17:05:06Z,https://i.ytimg.com/vi/siJwOoK7SPA/hqdefault.jpg,2189,2021-10-13 17:05:06+00:00
TMS 2187: The Spice Squirrels!,2021-10-11T17:17:52Z,https://i.ytimg.com/vi/_JxIjBzN2Y8/hqdefault.jpg,2187,2021-10-11 17:17:52+00:00
TMS 2186: Sing a Song of Pancakes,2021-10-07T17:11:17Z,https://i.ytimg.com/vi/fvsGBaq3I5s/hqdefault.jpg,2186,2021-10-07 17:11:17+00:00
TMS 2181: Just North of South,2021-09-29T17:30:57Z,https://i.ytimg.com/vi/1XcchEIKNBo/hqdefault.jpg,2181,2021-09-29 17:30:57+00:00
TMS 2177: Shamed by the Bell,2021-09-21T17:15:54Z,https://i.ytimg.com/vi/cSQKO24oRPk/hqdefault.jpg,2177,2021-09-21 17:15:54+00:00
TMS 2176: The Crown&#39;s Gambit,2021-09-20T17:19:13Z,https://i.ytimg.com/vi/ys3xbCZUz2c/hqdefault.jpg,2176,2021-09-20 17:19:13+00:00
TMS 2175: Burn the butterflies,2021-09-16T17:14:24Z,https://i.ytimg.com/vi/1KdO9FqoTFs/hqdefault.jpg,2175,2021-09-16 17:14:24+00:00
TMS 2173: Ryan Maiden,2021-09-14T16:53:34Z,https://i.ytimg.com/vi/vJSwpPgsIUs/hqdefault.jpg,2173,2021-09-14 16:53:34+00:00
TMS 2171: All Potatoes all the time,2021-09-09T17:02:23Z,https://i.ytimg.com/vi/yj-8bU0WaEk/hqdefault.jpg,2171,2021-09-09 17:02:23+00:00
TMS 2168: Meat Juice,2021-09-02T17:43:49Z,https://i.ytimg.com/vi/G3-hYLe2Z1Q/hqdefault.jpg,2168,2021-09-02 17:43:49+00:00
TMS 2165: That wine gets a Si from me,2021-08-24T17:16:31Z,https://i.ytimg.com/vi/n65fVzRGWMk/hqdefault.jpg,2165,2021-08-24 17:16:31+00:00
TMS 2161: Beef Sheets,2021-08-17T16:56:48Z,https://i.ytimg.com/vi/9OHpIW1aZnk/hqdefault.jpg,2161,2021-08-17 16:56:48+00:00
TMS 2159: The Magic Magician Industry,2021-08-12T17:35:58Z,https://i.ytimg.com/vi/B7b9zqIqjc0/hqdefault.jpg,2159,2021-08-12 17:35:58+00:00
TMS 2158: Carter&#39;s Jim Jam,2021-08-11T16:54:22Z,https://i.ytimg.com/vi/WSBTjfiPkWo/hqdefault.jpg,2158,2021-08-11 16:54:22+00:00
TMS 2457: Monkey Knuckles,2021-08-09T16:43:08Z,https://i.ytimg.com/vi/j5wdHJ7ixT4/hqdefault.jpg,2457,2021-08-09 16:43:08+00:00
TMS 2100: Glorious Geography Of Teeth,2021-04-19T17:34:21Z,https://i.ytimg.com/vi/HQOQOkkp330/hqdefault.jpg,2100,2021-04-19 17:34:21+00:00
TMS 1925,2020-05-07T17:31:11Z,https://i.ytimg.com/vi/ZLmmoS8WOlM/hqdefault.jpg,1925,2020-05-07 17:31:11+00:00
TMS 1921,2020-04-30T17:56:12Z,https://i.ytimg.com/vi/t_xtmHJbSq4/hqdefault.jpg,1921,2020-04-30 17:56:12+00:00
TMS 1919,2020-04-28T17:54:23Z,https://i.ytimg.com/vi/qRtBh_y7Qfc/hqdefault.jpg,1919,2020-04-28 17:54:23+00:00
TMS 1916,2020-04-22T17:51:50Z,https://i.ytimg.com/vi/tor-6406R60/hqdefault.jpg,1916,2020-04-22 17:51:50+00:00
TMS 1910,2020-04-13T18:07:51Z,https://i.ytimg.com/vi/7LoWsPMeIGU/hqdefault.jpg,1910,2020-04-13 18:07:51+00:00
TMS 1908,2020-04-08T17:38:16Z,https://i.ytimg.com/vi/RJQnfvYFfxE/hqdefault.jpg,1908,2020-04-08 17:38:16+00:00
TMS 1884,2020-02-25T18:56:21Z,https://i.ytimg.com/vi/3PQ_oc74cj4/hqdefault.jpg,1884,2020-02-25 18:56:21+00:00
TMS 1882,2020-02-20T18:47:15Z,https://i.ytimg.com/vi/q5o2jZle9rs/hqdefault.jpg,1882,2020-02-20 18:47:15+00:00
TMS 1881,2020-02-19T18:44:00Z,https://i.ytimg.com/vi/Jom8jlOFdpE/hqdefault.jpg,1881,2020-02-19 18:44:00+00:00
TMS 1874: The Crystal Light Entity,2020-02-06T19:45:32Z,https://i.ytimg.com/vi/Vzy4zjbTQXY/hqdefault.jpg,1874,2020-02-06 19:45:32+00:00
TMS 1872: Four Beef-and-Cheddar Pileup,2020-02-04T18:24:16Z,https://i.ytimg.com/vi/bPJv4U6HVfc/hqdefault.jpg,1872,2020-02-04 18:24:16+00:00
TMS 1871: How Smelly is your Resin,2020-02-03T18:24:13Z,https://i.ytimg.com/vi/VFYzzbkH9Gs/hqdefault.jpg,1871,2020-02-03 18:24:13+00:00
TMS 1867,2020-01-24T05:34:24Z,https://i.ytimg.com/vi/iTqXZny30Co/hqdefault.jpg,1867,2020-01-24 05:34:24+00:00
TMS for 01 14 2020,2020-01-23T20:34:24Z,https://i.ytimg.com/vi/vR4MGlu4s5I/hqdefault.jpg,TBD,2020-01-23 20:34:24+00:00
TMS 1847,2019-12-17T18:26:09Z,https://i.ytimg.com/vi/MOPt0epv4vA/hqdefault.jpg,1847,2019-12-17 18:26:09+00:00
TMS 1844,2019-12-11T18:19:07Z,https://i.ytimg.com/vi/DK0M-_cwZXg/hqdefault.jpg,1844,2019-12-11 18:19:07+00:00
TMS 1843,2019-12-10T18:41:34Z,https://i.ytimg.com/vi/PFS2NKOf7zA/hqdefault.jpg,1843,2019-12-10 18:41:34+00:00
TMS 1839,2019-12-04T18:42:08Z,https://i.ytimg.com/vi/IaDmLoXjWLM/hqdefault.jpg,1839,2019-12-04 18:42:08+00:00
TMS 1831,2019-11-20T18:18:00Z,https://i.ytimg.com/vi/wLNYfiP6iC8/hqdefault.jpg,1831,2019-11-20 18:18:00+00:00
TMS 1829,2019-11-18T18:27:25Z,https://i.ytimg.com/vi/TmJNd5O2nls/hqdefault.jpg,1829,2019-11-18 18:27:25+00:00
TMS 1822,2019-11-06T18:55:09Z,https://i.ytimg.com/vi/mIAOKAHasaw/hqdefault.jpg,1822,2019-11-06 18:55:09+00:00
TMS 1821,2019-11-04T20:48:41Z,https://i.ytimg.com/vi/_HBRQW-1wa4/hqdefault.jpg,1821,2019-11-04 20:48:41+00:00
TMS 1814,2019-10-23T17:39:05Z,https://i.ytimg.com/vi/5lPnL4zV5WY/hqdefault.jpg,1814,2019-10-23 17:39:05+00:00
TMS 1813,2019-10-22T17:29:16Z,https://i.ytimg.com/vi/WM3VsxEza_o/hqdefault.jpg,1813,2019-10-22 17:29:16+00:00
TMS 1809,2019-10-16T17:45:57Z,https://i.ytimg.com/vi/KBCjqVlqx4s/hqdefault.jpg,1809,2019-10-16 17:45:57+00:00
TMS 1808,2019-10-15T17:18:05Z,https://i.ytimg.com/vi/9NEBk660w4M/hqdefault.jpg,1808,2019-10-15 17:18:05+00:00
TMS 1807,2019-10-14T17:06:57Z,https://i.ytimg.com/vi/mQyDBiUY8Js/hqdefault.jpg,1807,2019-10-14 17:06:57+00:00
TMS 1803,2019-10-08T17:39:25Z,https://i.ytimg.com/vi/dTx9uqXxg48/hqdefault.jpg,1803,2019-10-08 17:39:25+00:00
TMS 1800,2019-10-04T01:16:13Z,https://i.ytimg.com/vi/tRBkkiP6ftI/hqdefault.jpg,1800,2019-10-04 01:16:13+00:00
TMS 1797,2019-09-30T17:29:21Z,https://i.ytimg.com/vi/UKoe5TksjaA/hqdefault.jpg,1797,2019-09-30 17:29:21+00:00
TMS 1791,2019-09-19T17:42:07Z,https://i.ytimg.com/vi/PL9K7ehoMiI/hqdefault.jpg,1791,2019-09-19 17:42:07+00:00
TMS 1789,2019-09-17T17:48:02Z,https://i.ytimg.com/vi/zokIqZQtIy4/hqdefault.jpg,1789,2019-09-17 17:48:02+00:00
TMS 1783 Part 1,2019-09-09T17:01:17Z,https://i.ytimg.com/vi/r8HSbLjYvgQ/hqdefault.jpg,1783,2019-09-09 17:01:17+00:00
TMS 1779,2019-09-03T17:49:46Z,https://i.ytimg.com/vi/PbIWUwyNLxI/hqdefault.jpg,1779,2019-09-03 17:49:46+00:00
TMS 1775,2019-08-27T17:31:41Z,https://i.ytimg.com/vi/wbBwq1wBcv8/hqdefault.jpg,1775,2019-08-27 17:31:41+00:00
TMS 1770,2019-08-19T17:45:01Z,https://i.ytimg.com/vi/zwsfmhANPow/hqdefault.jpg,1770,2019-08-19 17:45:01+00:00
TMS 1766,2019-08-13T18:15:46Z,https://i.ytimg.com/vi/WlO-knKcZmc/hqdefault.jpg,1766,2019-08-13 18:15:46+00:00
TMS 1757,2019-07-29T17:11:00Z,https://i.ytimg.com/vi/7u15XcLb6rQ/hqdefault.jpg,1757,2019-07-29 17:11:00+00:00
TMS 1751,2019-07-18T19:01:03Z,https://i.ytimg.com/vi/hdfzkvQ3CBE/hqdefault.jpg,1751,2019-07-18 19:01:03+00:00
TMS 1747,2019-07-12T23:28:15Z,https://i.ytimg.com/vi/mH-fAuwonMU/hqdefault.jpg,1747,2019-07-12 23:28:15+00:00
TMS 1745,2019-07-10T17:52:30Z,https://i.ytimg.com/vi/-wj41-vWXfQ/hqdefault.jpg,1745,2019-07-10 17:52:30+00:00
TMS 1743,2019-07-08T18:01:46Z,https://i.ytimg.com/vi/Q-Wx33khNBU/hqdefault.jpg,1743,2019-07-08 18:01:46+00:00
TMS 1741b,2019-07-04T07:59:59Z,https://i.ytimg.com/vi/8B4-_9IXHXY/hqdefault.jpg,1741,2019-07-04 07:59:59+00:00
TMS 1739,2019-07-01T17:45:55Z,https://i.ytimg.com/vi/PvnqGH6X05o/hqdefault.jpg,1739,2019-07-01 17:45:55+00:00
TMS 1736,2019-06-26T17:55:03Z,https://i.ytimg.com/vi/7SQisKa8qYo/hqdefault.jpg,1736,2019-06-26 17:55:03+00:00
TMS 1735,2019-06-25T18:35:25Z,https://i.ytimg.com/vi/Ve6HJ9SBiFk/hqdefault.jpg,1735,2019-06-25 18:35:25+00:00
TMS 1733,2019-06-20T17:48:57Z,https://i.ytimg.com/vi/2KUosy8pqF8/hqdefault.jpg,1733,2019-06-20 17:48:57+00:00
TMS 1731,2019-06-19T17:21:07Z,https://i.ytimg.com/vi/b7D2XJ-irZ8/hqdefault.jpg,1731,2019-06-19 17:21:07+00:00
TMS 1729,2019-06-17T17:59:33Z,https://i.ytimg.com/vi/jJCiZB1UNBU/hqdefault.jpg,1729,2019-06-17 17:59:33+00:00
