title,url,numeric,conv_dates
TMSPM for 5-15-2014,https://i.ytimg.com/vi/9jHuz6TAvTs/hqdefault.jpg,0.0,2014-05-16 02:09:47
TMS PM for 10-23-2014,https://i.ytimg.com/vi/nWHNuYmjhMY/hqdefault.jpg,0.0,2014-10-23 00:00:00
TMS 03-12-2015 PM,https://i.ytimg.com/vi/VUbFtJ2y8Ho/hqdefault.jpg,0.0,2015-03-13 00:28:46
TMSPM,https://i.ytimg.com/vi/TwvLWkX6piQ/hqdefault.jpg,0.0,2015-02-27 02:00:04
TMSPM for 1-15-2015,https://i.ytimg.com/vi/QjlhSRSckBQ/hqdefault.jpg,0.0,2015-01-16 01:40:50
TMSPM for 2-19-2015,https://i.ytimg.com/vi/LLoh3dvjWz0/hqdefault.jpg,0.0,2015-02-20 01:17:29
TMSPM,https://i.ytimg.com/vi/A7pwJWJit20/hqdefault.jpg,0.0,2014-12-12 01:14:18
TMS PM for 12-18-2014,https://i.ytimg.com/vi/nkWJaCilMCM/hqdefault.jpg,0.0,2014-12-19 01:14:25
"TMSPM 1606: Weight, Weight Don&#39;t Tell Me",https://i.ytimg.com/vi/YMV9yalYwUw/hqdefault.jpg,1606.0,2018-12-01 00:13:14
TMSPM 1654: Ever seen capers? Part 2,https://i.ytimg.com/vi/wQOoI-w6iI4/hqdefault.jpg,1654.0,2019-02-15 23:38:47
"TMSPM 1666: Might As Well Face It, You&#39;re Allergic To Farts",https://i.ytimg.com/vi/FbAfHLvH00E/hqdefault.jpg,1666.0,2019-03-09 00:19:10
TMS 1729,https://i.ytimg.com/vi/jJCiZB1UNBU/hqdefault.jpg,1729.0,2019-06-17 17:59:33
TMS 1731,https://i.ytimg.com/vi/b7D2XJ-irZ8/hqdefault.jpg,1731.0,2019-06-19 17:21:07
TMS 1733,https://i.ytimg.com/vi/2KUosy8pqF8/hqdefault.jpg,1733.0,2019-06-20 17:48:57
TMS 1735,https://i.ytimg.com/vi/Ve6HJ9SBiFk/hqdefault.jpg,1735.0,2019-06-25 18:35:25
TMS 1736,https://i.ytimg.com/vi/7SQisKa8qYo/hqdefault.jpg,1736.0,2019-06-26 17:55:03
TMS 1739,https://i.ytimg.com/vi/PvnqGH6X05o/hqdefault.jpg,1739.0,2019-07-01 17:45:55
TMS 1741b,https://i.ytimg.com/vi/8B4-_9IXHXY/hqdefault.jpg,1741.0,2019-07-04 07:59:59
TMS 1743,https://i.ytimg.com/vi/Q-Wx33khNBU/hqdefault.jpg,1743.0,2019-07-08 18:01:46
TMS 1745,https://i.ytimg.com/vi/-wj41-vWXfQ/hqdefault.jpg,1745.0,2019-07-10 17:52:30
TMS 1747,https://i.ytimg.com/vi/mH-fAuwonMU/hqdefault.jpg,1747.0,2019-07-12 23:28:15
TMS 1751,https://i.ytimg.com/vi/hdfzkvQ3CBE/hqdefault.jpg,1751.0,2019-07-18 19:01:03
TMS 1757,https://i.ytimg.com/vi/7u15XcLb6rQ/hqdefault.jpg,1757.0,2019-07-29 17:11:00
TMS 1766,https://i.ytimg.com/vi/WlO-knKcZmc/hqdefault.jpg,1766.0,2019-08-13 18:15:46
TMS 1770,https://i.ytimg.com/vi/zwsfmhANPow/hqdefault.jpg,1770.0,2019-08-19 17:45:01
TMS 1775,https://i.ytimg.com/vi/wbBwq1wBcv8/hqdefault.jpg,1775.0,2019-08-27 17:31:41
TMS 1779,https://i.ytimg.com/vi/PbIWUwyNLxI/hqdefault.jpg,1779.0,2019-09-03 17:49:46
TMS 1783 Part 1,https://i.ytimg.com/vi/r8HSbLjYvgQ/hqdefault.jpg,1783.0,2019-09-09 17:01:17
TMS 1789,https://i.ytimg.com/vi/zokIqZQtIy4/hqdefault.jpg,1789.0,2019-09-17 17:48:02
TMS 1791,https://i.ytimg.com/vi/PL9K7ehoMiI/hqdefault.jpg,1791.0,2019-09-19 17:42:07
TMS 1797,https://i.ytimg.com/vi/UKoe5TksjaA/hqdefault.jpg,1797.0,2019-09-30 17:29:21
TMS 1800,https://i.ytimg.com/vi/tRBkkiP6ftI/hqdefault.jpg,1800.0,2019-10-04 01:16:13
TMS 1803,https://i.ytimg.com/vi/dTx9uqXxg48/hqdefault.jpg,1803.0,2019-10-08 17:39:25
TMS 1807,https://i.ytimg.com/vi/mQyDBiUY8Js/hqdefault.jpg,1807.0,2019-10-14 17:06:57
TMS 1808,https://i.ytimg.com/vi/9NEBk660w4M/hqdefault.jpg,1808.0,2019-10-15 17:18:05
TMS 1809,https://i.ytimg.com/vi/KBCjqVlqx4s/hqdefault.jpg,1809.0,2019-10-16 17:45:57
TMS 1813,https://i.ytimg.com/vi/WM3VsxEza_o/hqdefault.jpg,1813.0,2019-10-22 17:29:16
TMS 1814,https://i.ytimg.com/vi/5lPnL4zV5WY/hqdefault.jpg,1814.0,2019-10-23 17:39:05
TMS 1821,https://i.ytimg.com/vi/_HBRQW-1wa4/hqdefault.jpg,1821.0,2019-11-04 20:48:41
TMS 1822,https://i.ytimg.com/vi/mIAOKAHasaw/hqdefault.jpg,1822.0,2019-11-06 18:55:09
TMS 1829,https://i.ytimg.com/vi/TmJNd5O2nls/hqdefault.jpg,1829.0,2019-11-18 18:27:25
TMS 1831,https://i.ytimg.com/vi/wLNYfiP6iC8/hqdefault.jpg,1831.0,2019-11-20 18:18:00
TMS 1839,https://i.ytimg.com/vi/IaDmLoXjWLM/hqdefault.jpg,1839.0,2019-12-04 18:42:08
TMS 1843,https://i.ytimg.com/vi/PFS2NKOf7zA/hqdefault.jpg,1843.0,2019-12-10 18:41:34
TMS 1844,https://i.ytimg.com/vi/DK0M-_cwZXg/hqdefault.jpg,1844.0,2019-12-11 18:19:07
TMS 1847,https://i.ytimg.com/vi/MOPt0epv4vA/hqdefault.jpg,1847.0,2019-12-17 18:26:09
TMS 1867,https://i.ytimg.com/vi/iTqXZny30Co/hqdefault.jpg,1867.0,2020-01-24 05:34:24
TMS 1871: How Smelly is your Resin,https://i.ytimg.com/vi/VFYzzbkH9Gs/hqdefault.jpg,1871.0,2020-02-03 18:24:13
TMS 1872: Four Beef-and-Cheddar Pileup,https://i.ytimg.com/vi/bPJv4U6HVfc/hqdefault.jpg,1872.0,2020-02-04 18:24:16
TMS 1874: The Crystal Light Entity,https://i.ytimg.com/vi/Vzy4zjbTQXY/hqdefault.jpg,1874.0,2020-02-06 19:45:32
TMS 1881,https://i.ytimg.com/vi/Jom8jlOFdpE/hqdefault.jpg,1881.0,2020-02-19 18:44:00
TMS 1882,https://i.ytimg.com/vi/q5o2jZle9rs/hqdefault.jpg,1882.0,2020-02-20 18:47:15
TMS 1884,https://i.ytimg.com/vi/3PQ_oc74cj4/hqdefault.jpg,1884.0,2020-02-25 18:56:21
TMS 1908,https://i.ytimg.com/vi/RJQnfvYFfxE/hqdefault.jpg,1908.0,2020-04-08 17:38:16
TMS 1910,https://i.ytimg.com/vi/7LoWsPMeIGU/hqdefault.jpg,1910.0,2020-04-13 18:07:51
TMSPM for 4 17 2020,https://i.ytimg.com/vi/b0avWzfHWRE/hqdefault.jpg,1913.0,2020-04-17 23:35:23
TMS 1916,https://i.ytimg.com/vi/tor-6406R60/hqdefault.jpg,1916.0,2020-04-22 17:51:50
TMS 1919,https://i.ytimg.com/vi/qRtBh_y7Qfc/hqdefault.jpg,1919.0,2020-04-28 17:54:23
TMS 1921,https://i.ytimg.com/vi/t_xtmHJbSq4/hqdefault.jpg,1921.0,2020-04-30 17:56:12
TMS 1925,https://i.ytimg.com/vi/ZLmmoS8WOlM/hqdefault.jpg,1925.0,2020-05-07 17:31:11
TMS PM 12-10-2021: You&#39;ve been Whammed,https://i.ytimg.com/vi/1kF9G12Qhfw/hqdefault.jpg,2015.5,2021-12-10 22:23:11
TMS 2100: Glorious Geography Of Teeth,https://i.ytimg.com/vi/HQOQOkkp330/hqdefault.jpg,2100.0,2021-04-19 17:34:21
TMS 2158: Carter&#39;s Jim Jam,https://i.ytimg.com/vi/WSBTjfiPkWo/hqdefault.jpg,2158.0,2021-08-11 16:54:22
TMS 2159: The Magic Magician Industry,https://i.ytimg.com/vi/B7b9zqIqjc0/hqdefault.jpg,2159.0,2021-08-12 17:35:58
TMS 2161: Beef Sheets,https://i.ytimg.com/vi/9OHpIW1aZnk/hqdefault.jpg,2161.0,2021-08-17 16:56:48
TMS 2165: That wine gets a Si from me,https://i.ytimg.com/vi/n65fVzRGWMk/hqdefault.jpg,2165.0,2021-08-24 17:16:31
TMS 2168: Meat Juice,https://i.ytimg.com/vi/G3-hYLe2Z1Q/hqdefault.jpg,2168.0,2021-09-02 17:43:49
TMS 2171: All Potatoes all the time,https://i.ytimg.com/vi/yj-8bU0WaEk/hqdefault.jpg,2171.0,2021-09-09 17:02:23
TMS 2173: Ryan Maiden,https://i.ytimg.com/vi/vJSwpPgsIUs/hqdefault.jpg,2173.0,2021-09-14 16:53:34
TMS 2175: Burn the butterflies,https://i.ytimg.com/vi/1KdO9FqoTFs/hqdefault.jpg,2175.0,2021-09-16 17:14:24
TMS 2176: The Crown&#39;s Gambit,https://i.ytimg.com/vi/ys3xbCZUz2c/hqdefault.jpg,2176.0,2021-09-20 17:19:13
TMS 2177: Shamed by the Bell,https://i.ytimg.com/vi/cSQKO24oRPk/hqdefault.jpg,2177.0,2021-09-21 17:15:54
TMS 2181: Just North of South,https://i.ytimg.com/vi/1XcchEIKNBo/hqdefault.jpg,2181.0,2021-09-29 17:30:57
TMS 2186: Sing a Song of Pancakes,https://i.ytimg.com/vi/fvsGBaq3I5s/hqdefault.jpg,2186.0,2021-10-07 17:11:17
TMS 2187: The Spice Squirrels!,https://i.ytimg.com/vi/_JxIjBzN2Y8/hqdefault.jpg,2187.0,2021-10-11 17:17:52
TMS 2189: Accidental Dream,https://i.ytimg.com/vi/siJwOoK7SPA/hqdefault.jpg,2189.0,2021-10-13 17:05:06
TMS 2190: You wanna be creepy?,https://i.ytimg.com/vi/_g6Ht8kRcmY/hqdefault.jpg,2190.0,2021-10-14 17:32:59
TMS 2194: Harkonen O&#39;Brien,https://i.ytimg.com/vi/mSLEBOebW1g/hqdefault.jpg,2194.0,2021-10-25 17:18:45
TMS 2197: Monkey Adjacent,https://i.ytimg.com/vi/xO15LPwuiL0/hqdefault.jpg,2197.0,2021-10-28 17:42:33
TMS 2198: This Is Not My Beautiful Dad,https://i.ytimg.com/vi/XPZgl4VNP6w/hqdefault.jpg,2198.0,2021-11-02 17:23:19
TMS 2199: Putting The Ween In Halloween,https://i.ytimg.com/vi/2VVC0z7X91s/hqdefault.jpg,2199.0,2021-11-03 17:27:05
TMS 2200: Gruesome Space Chili,https://i.ytimg.com/vi/O96E7QkvPQU/hqdefault.jpg,2200.0,2021-11-04 17:21:23
TMS 2202: Air Force Dave,https://i.ytimg.com/vi/9viGMFskQc4/hqdefault.jpg,2202.0,2021-11-09 18:09:21
TMS 2203: A Quota of Witches,https://i.ytimg.com/vi/TiuQu4313sc/hqdefault.jpg,2203.0,2021-11-10 18:15:31
TMS 2210: The Millicent Episode,https://i.ytimg.com/vi/QC66l4HO_Fk/hqdefault.jpg,2210.0,2021-12-01 18:42:05
TMS 2216: Just Gurggle it,https://i.ytimg.com/vi/zHOuXPs3k90/hqdefault.jpg,2216.0,2021-12-16 21:22:04
TMS 2217: Sinister Two-Thirds,https://i.ytimg.com/vi/lb2A624KI2A/hqdefault.jpg,2217.0,2021-12-20 18:22:40
TMS 2219: Gristly Angry Pig,https://i.ytimg.com/vi/tmmG188G-1c/hqdefault.jpg,2219.0,2021-12-22 19:02:29
TMS 2220: Goth Jumanji,https://i.ytimg.com/vi/D2phmJerpO4/hqdefault.jpg,2220.0,2021-12-27 18:06:12
TMS 2223: Alexa-cution,https://i.ytimg.com/vi/8e8lq8thPxo/hqdefault.jpg,2223.0,2021-12-30 18:00:27
TMS 2224: The best show of the year...so far,https://i.ytimg.com/vi/hf4FXxoA4Ew/hqdefault.jpg,2224.0,2022-01-03 18:14:41
TMS 2226: Meticulous Meat,https://i.ytimg.com/vi/vZH4mvSv8Oc/hqdefault.jpg,2226.0,2022-01-05 18:34:08
TMS 2231: Regrexit,https://i.ytimg.com/vi/I1uYJ8EDCGM/hqdefault.jpg,2231.0,2022-01-13 18:25:24
TMS 2235: Scuzzy Bernoulli,https://i.ytimg.com/vi/kmOU30ujEx8/hqdefault.jpg,2235.0,2022-01-25 18:26:25
TMS 2237: Top Pocket,https://i.ytimg.com/vi/kmgN-Whte3M/hqdefault.jpg,2237.0,2022-01-27 18:37:47
TMS 2238: Taste the conclusion,https://i.ytimg.com/vi/BGBsPBdJyNA/hqdefault.jpg,2238.0,2022-01-31 18:03:28
TMS 2241: Misteaks Were Made,https://i.ytimg.com/vi/vWp960W_GGs/hqdefault.jpg,2241.0,2022-02-07 18:08:10
TMS 2242: Foot Fetish Locker,https://i.ytimg.com/vi/Qhse5FtfNV8/hqdefault.jpg,2242.0,2022-02-08 18:42:14
TMS 2243: Loogie&#39;s Mantion,https://i.ytimg.com/vi/wlG664lZDG8/hqdefault.jpg,2243.0,2022-02-09 18:34:53
TMS 2244: Kirby your enthusiasm.,https://i.ytimg.com/vi/dTBbwaD011Q/hqdefault.jpg,2244.0,2022-02-10 18:56:57
TMS 2246: Egging Bezos On,https://i.ytimg.com/vi/yHCLQxjuDYI/hqdefault.jpg,2246.0,2022-02-15 18:17:21
TMS 2247: Advil or Anduril?,https://i.ytimg.com/vi/7f8FQwcUSAg/hqdefault.jpg,2247.0,2022-02-16 18:06:19
TMS 2249: The Mayo Defense,https://i.ytimg.com/vi/chLPa8939Gs/hqdefault.jpg,2249.0,2022-02-22 18:10:56
TMS 2250: Nards and Knopes,https://i.ytimg.com/vi/NyC9Bo_u-qA/hqdefault.jpg,2250.0,2022-02-23 20:56:22
TMS 2251: Mis-Steak-O Taco,https://i.ytimg.com/vi/qCne-gD8epg/hqdefault.jpg,2251.0,2022-02-24 17:59:15
TMS 2254: Jumbalaya Towels,https://i.ytimg.com/vi/9A48WT5r7Fo/hqdefault.jpg,2254.0,2022-03-02 17:50:20
TMS 2257: All of OUR Women!,https://i.ytimg.com/vi/fjHFN7W8Dxc/hqdefault.jpg,2257.0,2022-03-08 18:08:10
TMS 2258: Mando Loves Chachi,https://i.ytimg.com/vi/rmqyMRPovwM/hqdefault.jpg,2258.0,2022-03-10 18:29:23
"TMS 2260: Whole, Delicious Triangles!",https://i.ytimg.com/vi/4hrZdCWgPk8/hqdefault.jpg,2260.0,2022-03-15 17:30:26
TMS 2264: Bruce Willis Needs to Fart,https://i.ytimg.com/vi/IAzfZW_L-iE/hqdefault.jpg,2264.0,2022-03-22 17:30:02
TMS 2267: Kenneth Grandmagh,https://i.ytimg.com/vi/kec5dQ1UeZ4/hqdefault.jpg,2267.0,2022-03-28 18:00:23
TMS 2272: Oh Shire,https://i.ytimg.com/vi/ya18vknNhGY/hqdefault.jpg,2272.0,2022-04-05 17:10:50
"TMS 2274: Turn your key, sir!",https://i.ytimg.com/vi/49chC7sztoY/hqdefault.jpg,2274.0,2022-04-07 17:12:26
TMS 2277: A Murder of Photographers,https://i.ytimg.com/vi/9Ea7VM-paVs/hqdefault.jpg,2277.0,2022-04-13 17:34:11
TMS 2278: I am Defeato,https://i.ytimg.com/vi/qPDv-p1l-2Y/hqdefault.jpg,2278.0,2022-04-18 17:30:44
TMS 2279: Something to Tacobout,https://i.ytimg.com/vi/OShgQ_gj6W4/hqdefault.jpg,2279.0,2022-04-19 17:45:26
TMS 2283: Met Galaga,https://i.ytimg.com/vi/aXr8fIZq660/hqdefault.jpg,2283.0,2022-05-03 18:00:44
TMS 2286: Word Constipation,https://i.ytimg.com/vi/8MOkj2Hnw3k/hqdefault.jpg,2286.0,2022-05-09 17:15:45
TMS 2287: Thickened Liquid Cereal,https://i.ytimg.com/vi/ufgXtrqcZZI/hqdefault.jpg,2287.0,2022-05-10 17:40:25
TMS 2289: Thiquid,https://i.ytimg.com/vi/DKmyk-HwVYg/hqdefault.jpg,2289.0,2022-05-12 17:40:30
TMS 2292: The Gnight of the Gnats,https://i.ytimg.com/vi/yH1ABxFELQU/hqdefault.jpg,2292.0,2022-05-18 18:00:23
TMS 2293: Benefit from her exit,https://i.ytimg.com/vi/BxMIhq74szQ/hqdefault.jpg,2293.0,2022-05-19 17:30:52
TMS 2297: 28 Dresses Later...,https://i.ytimg.com/vi/xhfL9FKOBrQ/hqdefault.jpg,2297.0,2022-05-31 17:30:29
TMS 2298: The Leavings of Newman,https://i.ytimg.com/vi/hS4g2u1SMTI/hqdefault.jpg,2298.0,2022-06-01 18:00:31
TMS 2299: I&#39;m A Car Shark,https://i.ytimg.com/vi/ncd-DnZV8zU/hqdefault.jpg,2299.0,2022-06-02 17:00:29
TMS 2303: Watt Hertz,https://i.ytimg.com/vi/ri_OewilXaM/hqdefault.jpg,2303.0,2022-06-13 17:10:53
TMS 2305: Outpipe Spicy,https://i.ytimg.com/vi/2v1B4HFkLcg/hqdefault.jpg,2305.0,2022-06-15 18:00:51
TMS 2306: Rotten Davitoe,https://i.ytimg.com/vi/WGV6baViLcs/hqdefault.jpg,2306.0,2022-06-21 17:30:42
TMS 2308: Mouth To Hose,https://i.ytimg.com/vi/Y2TLHzW32OI/hqdefault.jpg,2308.0,2022-06-23 17:15:02
TMS 2309: Bicycle Oyster Cult,https://i.ytimg.com/vi/i_CrmcjFEMM/hqdefault.jpg,2309.0,2022-06-27 17:15:02
TMS 2310: This Other Garbage,https://i.ytimg.com/vi/VF9zFmtrBKc/hqdefault.jpg,2310.0,2022-06-28 17:15:00
TMS 2312: Fiddlin&#39; with Fire,https://i.ytimg.com/vi/yQdbA7na8LE/hqdefault.jpg,2312.0,2022-06-30 17:10:00
TMS 2314: The Bed Ejection,https://i.ytimg.com/vi/fB9GnJoQUqA/hqdefault.jpg,2314.0,2022-07-06 17:35:00
TMS 2316: Dry Erase Bear,https://i.ytimg.com/vi/Vgk0wRBNcvg/hqdefault.jpg,2316.0,2022-07-11 17:20:00
TMS 2317: Insecto Cooter,https://i.ytimg.com/vi/SOLqaRuhvVA/hqdefault.jpg,2317.0,2022-07-12 17:20:00
TMS 2318: The Kevin Kebab,https://i.ytimg.com/vi/rWyU_-EAtfo/hqdefault.jpg,2318.0,2022-07-14 17:25:00
TMS 2318: Hey Bird Dogs,https://i.ytimg.com/vi/WuGRemHW98M/hqdefault.jpg,2318.0,2022-07-13 17:45:03
"TMS 2321: Shake that, Takespeare",https://i.ytimg.com/vi/dH0T13tHMkQ/hqdefault.jpg,2321.0,2022-07-20 17:35:00
TMS 2322: Thiquid,https://i.ytimg.com/vi/Q9IR83uoJIw/hqdefault.jpg,2322.0,2022-07-21 17:30:05
"TMS 2325: Dude, Where&#39;s my license?",https://i.ytimg.com/vi/W8bD_b8O68I/hqdefault.jpg,2325.0,2022-07-28 17:45:05
TMS 2326: Everyone&#39;s the Rube,https://i.ytimg.com/vi/t5yWYxuZz_8/hqdefault.jpg,2326.0,2022-08-01 17:00:26
"TMS 2327: Stop, drop and collaborate",https://i.ytimg.com/vi/BAYo3RERxEA/hqdefault.jpg,2327.0,2022-08-02 18:00:10
TMS 2329: Uber Duber Stuber,https://i.ytimg.com/vi/NBPdFdtbCJw/hqdefault.jpg,2329.0,2022-08-04 17:20:00
TMS 2331: Peanut in Bed,https://i.ytimg.com/vi/mM0c4WrXU2g/hqdefault.jpg,2331.0,2022-08-09 17:30:04
"TMS 2332: Dungeons, Dragons and Dives",https://i.ytimg.com/vi/XnBfD3zy8wg/hqdefault.jpg,2332.0,2022-08-10 17:34:00
TMS 2333: CMOS Smoothie,https://i.ytimg.com/vi/QJN-3Kat_oM/hqdefault.jpg,2333.0,2022-08-11 17:20:00
TMS 2334: Is Brad&#39;s Drink Okay?,https://i.ytimg.com/vi/9q_rARp-6pk/hqdefault.jpg,2334.0,2022-08-15 17:15:00
TMS 2336: The 7th traffic circle of Hell,https://i.ytimg.com/vi/R3qN8BDfA2o/hqdefault.jpg,2336.0,2022-08-17 17:30:03
TMS 2338: ForkLyfting,https://i.ytimg.com/vi/3PS--2-RyLk/hqdefault.jpg,2338.0,2022-08-22 17:14:00
TMS 2340: Red On Air Fluff,https://i.ytimg.com/vi/JiMlfhGDVpg/hqdefault.jpg,2340.0,2022-08-24 18:00:14
TMS 2341: Listen to this hole,https://i.ytimg.com/vi/t8OIPua6SD4/hqdefault.jpg,2341.0,2022-08-25 17:45:15
TMS 2342: Aggressively Italian,https://i.ytimg.com/vi/kHNX4HDFUfY/hqdefault.jpg,2342.0,2022-09-06 18:00:15
TMS 2343: Danny Trio,https://i.ytimg.com/vi/UdJsWddwi-4/hqdefault.jpg,2343.0,2022-09-07 18:00:08
TMS 2344: Snoop Lore,https://i.ytimg.com/vi/Ky4IUfzFn4I/hqdefault.jpg,2344.0,2022-09-08 18:35:14
TMS 2345: Sweet Pickle Peanuts,https://i.ytimg.com/vi/AJQUdCkVKgQ/hqdefault.jpg,2345.0,2022-09-12 17:40:00
TMS 2346: Sploot Your Beans,https://i.ytimg.com/vi/IY7oL4-DsY8/hqdefault.jpg,2346.0,2022-09-13 17:30:02
TMS 2347: Towel Sniffing Dogs,https://i.ytimg.com/vi/7qtjt8hFkhg/hqdefault.jpg,2347.0,2022-09-14 17:40:00
TMS 2350: Sentient Signatures,https://i.ytimg.com/vi/gR-FkhkhBLc/hqdefault.jpg,2350.0,2022-09-21 17:59:00
TMS 2351: Hesitant Evil,https://i.ytimg.com/vi/XWsoLgW84ok/hqdefault.jpg,2351.0,2022-09-22 17:40:01
TMS 2352: Pollywood Handshake,https://i.ytimg.com/vi/xN4jbYmgO14/hqdefault.jpg,2352.0,2022-09-26 17:10:35
TMS 2357: Spaceship On A Stick,https://i.ytimg.com/vi/b3_hfn_qEo4/hqdefault.jpg,2357.0,2022-10-04 17:40:00
TMS 2358: Pins &amp; Pens,https://i.ytimg.com/vi/CbkTZR9sSYA/hqdefault.jpg,2358.0,2022-10-05 17:52:20
TMS 2360: Porch Pirate Prevention,https://i.ytimg.com/vi/Xy4vdTxRY14/hqdefault.jpg,2360.0,2022-10-10 17:10:00
TMS 2361: Moist Meat Prison,https://i.ytimg.com/vi/R50-4vQmKbo/hqdefault.jpg,2361.0,2022-10-11 17:46:17
TMS 2363: What&#39;s in YOUR tube meat?,https://i.ytimg.com/vi/rilcw9ArZD0/hqdefault.jpg,2363.0,2022-10-13 17:50:39
TMS 2367: Maize Maze,https://i.ytimg.com/vi/INkksxqounA/hqdefault.jpg,2367.0,2022-10-24 17:13:21
TMS 2368: The Replacement Jedi,https://i.ytimg.com/vi/YmVYS59pnNE/hqdefault.jpg,2368.0,2022-10-25 17:40:01
TMS 2369: Always Assume Spider,https://i.ytimg.com/vi/OoCTsYS6-rI/hqdefault.jpg,2369.0,2022-10-26 17:35:01
TMS 2370: Angle Face,https://i.ytimg.com/vi/Ujh8a5VDgXI/hqdefault.jpg,2370.0,2022-10-27 18:02:59
TMS 2371: Lower Deck Nougat,https://i.ytimg.com/vi/RPct1dYvrtA/hqdefault.jpg,2371.0,2022-10-31 17:25:28
TMS 2373: Ulf Busdriversson,https://i.ytimg.com/vi/pdPLCAzrwcY/hqdefault.jpg,2373.0,2022-11-02 17:50:00
TMS 2374: No Context Pumpkin,https://i.ytimg.com/vi/rbXGvJETgOU/hqdefault.jpg,2374.0,2022-11-03 18:08:52
TMS 2375: Avengers! Detention!,https://i.ytimg.com/vi/t5tOHPN8wxQ/hqdefault.jpg,2375.0,2022-11-07 18:10:00
TMS 2376: Sorry Dead People!,https://i.ytimg.com/vi/M6A1g6Mcqxk/hqdefault.jpg,2376.0,2022-11-08 18:30:22
TMS 2377: Open Carry Chicken!,https://i.ytimg.com/vi/gn3GfrfnxLQ/hqdefault.jpg,2377.0,2022-11-09 18:45:02
TMS 2378: Probably Pacino,https://i.ytimg.com/vi/E6Dwfo3feXM/hqdefault.jpg,2378.0,2022-11-10 19:01:53
TMS 2379: The Old Ball and Chainsaw,https://i.ytimg.com/vi/NNUYZTWoPH8/hqdefault.jpg,2379.0,2022-11-21 19:00:16
TMS 2381: Peppy le Pugh,https://i.ytimg.com/vi/skymXKPCwHs/hqdefault.jpg,2381.0,2022-11-23 18:50:20
TMS 2382: Related Turkeys,https://i.ytimg.com/vi/nDVU0eXsVLI/hqdefault.jpg,2382.0,2022-11-28 18:23:02
TMS 2384: Batteries Not Ingested,https://i.ytimg.com/vi/kN3Lvp8zymA/hqdefault.jpg,2384.0,2022-11-30 19:20:38
TMS 2385: Herd of Freaky Turkeys,https://i.ytimg.com/vi/N97zGrmMT6c/hqdefault.jpg,2385.0,2022-12-01 18:54:25
TMS 2386: Adventure Pizza,https://i.ytimg.com/vi/AXALnZNWNKI/hqdefault.jpg,2386.0,2022-12-05 18:10:00
TMS 2387: Plumsplaining,https://i.ytimg.com/vi/BA2seTqpYOg/hqdefault.jpg,2387.0,2022-12-06 18:25:00
TMS 2388: Rise Revolt Repeat,https://i.ytimg.com/vi/StbDNBCXZzs/hqdefault.jpg,2388.0,2022-12-07 18:47:41
TMS 2389: Hello sticky kitters,https://i.ytimg.com/vi/meyPECXJKBQ/hqdefault.jpg,2389.0,2022-12-08 18:32:28
TMS 2390: Big Polygamy Vans,https://i.ytimg.com/vi/SQ_CFZFRHkY/hqdefault.jpg,2390.0,2022-12-12 18:18:28
TMS 2392: Meth on the Cob,https://i.ytimg.com/vi/xm4mb6dHaf4/hqdefault.jpg,2392.0,2022-12-15 18:33:07
TMS 2394: Thanos Ginger Snap,https://i.ytimg.com/vi/fen_YoRXD6s/hqdefault.jpg,2394.0,2022-12-20 18:15:03
TMS 2396: Resting trucker hat,https://i.ytimg.com/vi/_zd-UrBiMME/hqdefault.jpg,2396.0,2022-12-22 19:10:00
TMS 2396: Anson Dismount,https://i.ytimg.com/vi/lJ7fCz4DTJY/hqdefault.jpg,2396.0,2022-12-26 18:39:01
TMS 2398: Roiders of the Purple Sage,https://i.ytimg.com/vi/rAih7DQwDdU/hqdefault.jpg,2398.0,2022-12-28 18:45:01
TMS 2400: Egg Nog Zero,https://i.ytimg.com/vi/aSC0gFnYuwY/hqdefault.jpg,2400.0,2023-01-03 18:00:32
TMS 2403: Professional Eye Roller,https://i.ytimg.com/vi/fnQLJUrqgYM/hqdefault.jpg,2403.0,2023-01-09 18:15:02
TMS 2404: Boomer Buddies,https://i.ytimg.com/vi/AfXt9kJFC0s/hqdefault.jpg,2404.0,2023-01-10 18:27:36
TMS 2405: Large Form Marshmallow,https://i.ytimg.com/vi/IDBX0cd-iGY/hqdefault.jpg,2405.0,2023-01-11 18:34:10
TMS 2406: Feetures include Paytoween!,https://i.ytimg.com/vi/BdVNWoUYEYQ/hqdefault.jpg,2406.0,2023-01-12 18:50:45
TMS 2407: Let&#39;s go Cantaloupe!,https://i.ytimg.com/vi/gVTc9Rr2MDU/hqdefault.jpg,2407.0,2023-01-17 18:31:35
TMS 2408: Optimistically Pessimistic!,https://i.ytimg.com/vi/2Qzb3Q1c4LE/hqdefault.jpg,2408.0,2023-01-18 18:46:39
TMS 2409: Edging The Vinyl,https://i.ytimg.com/vi/LbAUt3OEOY4/hqdefault.jpg,2409.0,2023-01-19 18:03:39
TMS 2410: Beefy Tips,https://i.ytimg.com/vi/XcLlQQfu0wo/hqdefault.jpg,2410.0,2023-01-23 18:41:10
TMS 2411: Paging Dr Tang,https://i.ytimg.com/vi/EIMb5dW6vhY/hqdefault.jpg,2411.0,2023-01-24 18:30:11
TMS 2412: Groinal Zones,https://i.ytimg.com/vi/7RPTpX9l3Mw/hqdefault.jpg,2412.0,2023-01-25 18:46:45
"TMS 2413: Hi, the Cure",https://i.ytimg.com/vi/pP4axGO7KXo/hqdefault.jpg,2413.0,2023-01-30 18:16:44
TMS 2414: 4K Por Que,https://i.ytimg.com/vi/XuZrrAEex0A/hqdefault.jpg,2414.0,2023-01-31 18:45:01
TMS 2414: Portal Fixation,https://i.ytimg.com/vi/fblcIC2AcPU/hqdefault.jpg,2414.0,2023-02-01 18:55:00
TMS 2416: Pavlov&#39;s Chatroom,https://i.ytimg.com/vi/NDSSEtrv770/hqdefault.jpg,2416.0,2023-02-02 18:50:56
TMS 2417: Body Doodle,https://i.ytimg.com/vi/G7ZWp_yNiJg/hqdefault.jpg,2417.0,2023-02-07 18:33:43
TMS 2418: Deep Galileo Hole,https://i.ytimg.com/vi/Y32fZ0D2O8s/hqdefault.jpg,2418.0,2023-02-07 18:44:49
TMS 2419: Don&#39;t Touch the Thermos Tat,https://i.ytimg.com/vi/1FwWvNnGo4Y/hqdefault.jpg,2419.0,2023-02-08 18:45:00
TMS 2420: Back in the war days,https://i.ytimg.com/vi/Jh04lpi4b_E/hqdefault.jpg,2420.0,2023-02-13 18:35:43
TMS 2421: Halley&#39;s Potato,https://i.ytimg.com/vi/bNsGWOGZO-4/hqdefault.jpg,2421.0,2023-02-14 18:41:00
TMS 2422: A Cup of Coughy,https://i.ytimg.com/vi/Pn1flEWAu7w/hqdefault.jpg,2422.0,2023-02-15 19:05:35
TMS 2425: Sleep Podcasting,https://i.ytimg.com/vi/xQ5ypucTYxg/hqdefault.jpg,2425.0,2023-02-21 18:42:01
TMS 2426: Almond Taylor Joy,https://i.ytimg.com/vi/EpgHXHJ8lGM/hqdefault.jpg,2426.0,2023-02-22 18:50:14
TMS 2427: Exit Teeth,https://i.ytimg.com/vi/jCylHzTq4Rw/hqdefault.jpg,2427.0,2023-02-23 19:09:39
TMS 2428: Uncomfortably Numb,https://i.ytimg.com/vi/UwAt7zaOTr8/hqdefault.jpg,2428.0,2023-02-28 18:58:23
TMS 2430: Bougie Picnic Basket,https://i.ytimg.com/vi/YYpk53GO1t8/hqdefault.jpg,2430.0,2023-03-02 19:02:38
TMS 2431: My Sandwich Board Hell,https://i.ytimg.com/vi/ThG2AWgmM7U/hqdefault.jpg,2431.0,2023-03-06 18:35:00
TMS 2432: Flip Floppy Hoo Ha,https://i.ytimg.com/vi/qDGOWn6gZmM/hqdefault.jpg,2432.0,2023-03-07 18:58:00
TMS 2433: Grooton,https://i.ytimg.com/vi/288UfeQhrUI/hqdefault.jpg,2433.0,2023-03-08 18:55:40
TMS 2437: Rats in the corn chute,https://i.ytimg.com/vi/WIegSYNhT7U/hqdefault.jpg,2437.0,2023-03-16 18:10:00
TMS 2438: Weird Pork Extras,https://i.ytimg.com/vi/L2t7gmX977Y/hqdefault.jpg,2438.0,2023-03-20 17:15:01
TMS 2439: Kiss your ant,https://i.ytimg.com/vi/bp_NIXsoUKg/hqdefault.jpg,2439.0,2023-03-21 17:30:04
TMS 2440: Tickle Pips (REPOST WITH FIXED LENGTH),https://i.ytimg.com/vi/Ilpg7SzP60E/hqdefault.jpg,2440.0,2023-03-22 23:40:01
TMS 2441: Dune Mom,https://i.ytimg.com/vi/p-6wJdoLfvU/hqdefault.jpg,2441.0,2023-03-23 18:00:18
TMS 2442: Plain White Tea,https://i.ytimg.com/vi/u1SKDKTfEMM/hqdefault.jpg,2442.0,2023-03-27 22:00:35
TMS 2443: The Singular Peanut,https://i.ytimg.com/vi/JzjGMoVZycs/hqdefault.jpg,2443.0,2023-03-28 18:00:06
TMS 2445: Stray Chicklet,https://i.ytimg.com/vi/1NPj-RihSsE/hqdefault.jpg,2445.0,2023-03-30 18:00:01
TMS 2446: Bare Minimum Monday,https://i.ytimg.com/vi/Yb0gRdtjP6g/hqdefault.jpg,2446.0,2023-04-03 17:20:00
TMS 2447: Escape O&#39;Room,https://i.ytimg.com/vi/p8ePHiIDLxY/hqdefault.jpg,2447.0,2023-04-04 18:00:18
TMS 2448: Ghost Insurance,https://i.ytimg.com/vi/9W0GJ69oLfY/hqdefault.jpg,2448.0,2023-04-05 18:00:02
TMS 2450: Gross and Sexy,https://i.ytimg.com/vi/mQkEnb8ZOrE/hqdefault.jpg,2450.0,2023-04-10 18:00:16
TMS 2452: Interpolation Automation,https://i.ytimg.com/vi/hv_61nFrUgI/hqdefault.jpg,2452.0,2023-04-12 19:09:47
TMS 2453: Metting &amp; Gretting,https://i.ytimg.com/vi/JNgS41aot84/hqdefault.jpg,2453.0,2023-04-18 05:34:42
TMS 2454: Shub Genre,https://i.ytimg.com/vi/gtDON72BUbk/hqdefault.jpg,2454.0,2023-04-18 18:00:15
TMS 2455: Original Flavor Dax (tip of show missing),https://i.ytimg.com/vi/4MEA2X2ZGSM/hqdefault.jpg,2455.0,2023-04-19 18:06:47
"TMS 2456: Bed, Bugs and Beyond!",https://i.ytimg.com/vi/pJ5XEOECKVI/hqdefault.jpg,2456.0,2023-04-20 18:00:31
TMS 2457: Monkey Knuckles,https://i.ytimg.com/vi/j5wdHJ7ixT4/hqdefault.jpg,2457.0,2021-08-09 16:43:08
TMS 2458: Karaoke Virgin,https://i.ytimg.com/vi/u8sr23Vhci0/hqdefault.jpg,2458.0,2023-05-02 17:45:01
TMS 2459: Poke Shiny Things On A Screen,https://i.ytimg.com/vi/1PlyAhdrbog/hqdefault.jpg,2459.0,2023-05-03 18:06:55
TMS 2460: Popeye Soprano,https://i.ytimg.com/vi/ZMbCM80wwu8/hqdefault.jpg,2460.0,2023-05-04 17:36:51
TMS 2461: The Royal Toot,https://i.ytimg.com/vi/6ETvSQBxubM/hqdefault.jpg,2461.0,2023-05-08 17:58:46
TMS 2462: Blue On-Air Light,https://i.ytimg.com/vi/1zbVjJhn2aQ/hqdefault.jpg,2462.0,2023-05-09 17:17:56
TMS 2463: California EXTREME!,https://i.ytimg.com/vi/5H7WbrhIFfY/hqdefault.jpg,2463.0,2023-05-10 18:09:14
TMS 2464: Hairy Lady Knuckles,https://i.ytimg.com/vi/3u2wb0zhFyM/hqdefault.jpg,2464.0,2023-05-11 18:04:26
TMS 2465: Hard Lyfting,https://i.ytimg.com/vi/10M5lbwsiZo/hqdefault.jpg,2465.0,2023-05-18 17:46:45
TMS 2466: Pizza is Public Food,https://i.ytimg.com/vi/mVg6GW4fErQ/hqdefault.jpg,2466.0,2023-05-22 17:29:27
TMS 2467: Patella Pasta,https://i.ytimg.com/vi/g8MEtBi5wtQ/hqdefault.jpg,2467.0,2023-05-23 17:36:05
TMS 2468: Intentional International,https://i.ytimg.com/vi/1dodsj_SG84/hqdefault.jpg,2468.0,2023-05-24 17:57:04
TMS 2469: N is for Mountain,https://i.ytimg.com/vi/YtXHtHgj4t4/hqdefault.jpg,2469.0,2023-05-25 18:02:49
TMS 2470: Permanent Nubbins,https://i.ytimg.com/vi/mdMPQ47EB-o/hqdefault.jpg,2470.0,2023-05-30 18:01:54
TMS 2471: Hardy Farties,https://i.ytimg.com/vi/K08Rr1xAjfs/hqdefault.jpg,2471.0,2023-05-31 18:00:07
TMS 2472: Squandered Opportunity,https://i.ytimg.com/vi/XobPxuYeRsM/hqdefault.jpg,2472.0,2023-06-01 17:29:50
TMS 2473: The Hole Healed,https://i.ytimg.com/vi/9ueoY6XCQRs/hqdefault.jpg,2473.0,2023-06-05 17:03:07
TMS 2474: Rancid Butter and Smelly Cheese,https://i.ytimg.com/vi/hskf9c05KtE/hqdefault.jpg,2474.0,2023-06-06 17:46:51
TMS 2475: Insto TikTok,https://i.ytimg.com/vi/f4eM8ROyc88/hqdefault.jpg,2475.0,2023-06-07 18:45:01
TMS 2476: Fred Raggle,https://i.ytimg.com/vi/iGVesM4eAlg/hqdefault.jpg,2476.0,2023-06-08 16:37:13
TMS 2477: Heaving Dragon,https://i.ytimg.com/vi/P4_-Dbvw2rs/hqdefault.jpg,2477.0,2023-06-12 16:56:21
TMS 2478: ChurchGPT,https://i.ytimg.com/vi/5Ssl6THGHGw/hqdefault.jpg,2478.0,2023-06-13 17:25:14
TMS 2479: Cuke Umbers,https://i.ytimg.com/vi/d4nd1-gs1sg/hqdefault.jpg,2479.0,2023-06-14 17:20:00
"TMS 2480: Oops, All Barbs",https://i.ytimg.com/vi/76rKLWDm-EQ/hqdefault.jpg,2480.0,2023-06-15 17:30:03
TMS 2481: The Nitty &amp; The Gritty,https://i.ytimg.com/vi/-RDJrVbu6rw/hqdefault.jpg,2481.0,2023-06-20 17:43:04
TMS 2482: Gross Point Scott Blank,https://i.ytimg.com/vi/t2xH8fIuNHU/hqdefault.jpg,2482.0,2023-06-21 17:49:03
TMS 2483: Practical &amp; Not Janky,https://i.ytimg.com/vi/IHMqlmW7MFo/hqdefault.jpg,2483.0,2023-06-22 16:47:48
TMS 2484: Embrace the butter,https://i.ytimg.com/vi/N_YTSCX_hlE/hqdefault.jpg,2484.0,2023-06-26 17:04:42
TMS 2485: Biggest of Shots,https://i.ytimg.com/vi/3_SAU49yeyM/hqdefault.jpg,2485.0,2023-06-27 17:38:47
TMS 2486: Dead Media Society,https://i.ytimg.com/vi/93eCJrO-DjQ/hqdefault.jpg,2486.0,2023-06-28 17:42:36
TMS 2487: Very Muppety,https://i.ytimg.com/vi/x6IKjaB9Fd8/hqdefault.jpg,2487.0,2023-06-29 17:49:38
TMS 2488: Birds are Dicks!,https://i.ytimg.com/vi/zan77OteWzc/hqdefault.jpg,2488.0,2023-07-05 17:49:04
TMS 2489: Aquafert,https://i.ytimg.com/vi/TBYShv33Dn8/hqdefault.jpg,2489.0,2023-07-10 17:28:37
TMS 2490: Outrageous Contagious,https://i.ytimg.com/vi/9G-yI_2g9YU/hqdefault.jpg,2490.0,2023-07-11 17:30:37
TMS 2491: Cheese Feud,https://i.ytimg.com/vi/E0LuxGtrcDE/hqdefault.jpg,2491.0,2023-07-12 17:54:41
TMS 2492: Aquapocolypse,https://i.ytimg.com/vi/q2xlbmP_jSg/hqdefault.jpg,2492.0,2023-07-13 17:33:46
TMS 2493: Upscaley Mayonnaise,https://i.ytimg.com/vi/EgSyFtHcoAQ/hqdefault.jpg,2493.0,2023-07-17 17:48:03
TMS 2494: Slippery Chicks,https://i.ytimg.com/vi/R3aTP8kY1uE/hqdefault.jpg,2494.0,2023-07-18 17:28:28
TMS 2495: Gran Chorizo,https://i.ytimg.com/vi/c-l7RH_FHsM/hqdefault.jpg,2495.0,2023-07-19 17:47:19
TMS 2496: Thump That Melon,https://i.ytimg.com/vi/uTg0Jot32XM/hqdefault.jpg,2496.0,2023-07-20 17:28:37
TMS 2497: Karen Abdul-Jabar,https://i.ytimg.com/vi/EapDLgsoD88/hqdefault.jpg,2497.0,2023-07-24 17:11:49
TMS 2498: For the Hoard,https://i.ytimg.com/vi/h9yuwg9L_w0/hqdefault.jpg,2498.0,2023-07-25 17:22:05
TMS 2499: Benito Del Taco,https://i.ytimg.com/vi/6_Y6em2XTdI/hqdefault.jpg,2499.0,2023-07-26 17:47:35
TMS 2500: May Contain Rocks,https://i.ytimg.com/vi/V2nwYWNQXno/hqdefault.jpg,2500.0,2023-08-01 17:01:49
TMS 2501: Regret Slurpies,https://i.ytimg.com/vi/FSGKke6V5sk/hqdefault.jpg,2501.0,2023-08-02 17:28:08
TMS 2502: MOTHERLUNCH,https://i.ytimg.com/vi/L80tQAnO08U/hqdefault.jpg,2502.0,2023-08-03 17:48:49
TMS 2503: Rat Tickler,https://i.ytimg.com/vi/NF6Nig4REzg/hqdefault.jpg,2503.0,2023-08-07 17:17:25
TMS 2504: Grandma&#39;s Greywater,https://i.ytimg.com/vi/AvXnNSF_PSI/hqdefault.jpg,2504.0,2023-08-08 17:03:26
TMS 2505: Carbonated Meat,https://i.ytimg.com/vi/YSCtdhXRnyc/hqdefault.jpg,2505.0,2023-08-09 18:09:37
TMS 2506: Corial Anus,https://i.ytimg.com/vi/PLT7dCRklZ0/hqdefault.jpg,2506.0,2023-08-14 17:01:22
TMS 2507: Carcolepsy,https://i.ytimg.com/vi/g5FUvLfnjeM/hqdefault.jpg,2507.0,2023-08-15 17:37:06
TMS 2508: Proprietary Ooze,https://i.ytimg.com/vi/Zgy-mPlCYFc/hqdefault.jpg,2508.0,2023-08-16 17:32:42
TMS 2509: Grippage,https://i.ytimg.com/vi/wbp4uKTijfM/hqdefault.jpg,2509.0,2023-08-17 17:41:48
TMS 2510: General Grievous Hug,https://i.ytimg.com/vi/dqrnC3Xm4zk/hqdefault.jpg,2510.0,2023-08-21 17:48:54
TMS 2511: Lacrosse-over,https://i.ytimg.com/vi/QRZjjC0zah4/hqdefault.jpg,2511.0,2023-08-22 17:27:33
TMS 2512: The dumb end of the stick,https://i.ytimg.com/vi/Re4FgMjZBrE/hqdefault.jpg,2512.0,2023-08-23 17:45:38
TMS 2513: Ear Regardless,https://i.ytimg.com/vi/B9sYCANnyMc/hqdefault.jpg,2513.0,2023-08-28 17:17:30
TMS 2514: SWARMBALL!!,https://i.ytimg.com/vi/afzxrljAWU4/hqdefault.jpg,2514.0,2023-08-29 17:16:25
TMS 2515: Tad Lesso,https://i.ytimg.com/vi/kbLJDR2qp0s/hqdefault.jpg,2515.0,2023-08-30 17:38:16
TMS 2516: Big Deck Energy,https://i.ytimg.com/vi/q4d9Lo5NY5w/hqdefault.jpg,2516.0,2023-08-31 17:53:02
TMS 2517: Caffeinated Concrete,https://i.ytimg.com/vi/jgAIYVioepQ/hqdefault.jpg,2517.0,2023-09-05 17:30:17
TMS 2518: Spirit of Halloween,https://i.ytimg.com/vi/SSMIC_KuhPo/hqdefault.jpg,2518.0,2023-09-06 17:54:43
TMS 2519: Gopherfest,https://i.ytimg.com/vi/-Wcn1-qx7eY/hqdefault.jpg,2519.0,2023-09-11 17:38:11
TMS 2521: Mystical Mike and The Complete Monty,https://i.ytimg.com/vi/WtmfNI9D74g/hqdefault.jpg,2521.0,2023-09-12 17:16:16
TMS 2522: Dirt Pink,https://i.ytimg.com/vi/7aM0BcaptaI/hqdefault.jpg,2522.0,2023-09-13 17:46:38
TMS 2523: The Glove Department,https://i.ytimg.com/vi/7g4ArbhgXwI/hqdefault.jpg,2523.0,2023-09-14 17:41:18
TMS 2524: Zit of Oppulence,https://i.ytimg.com/vi/mlhfgyQS8Jw/hqdefault.jpg,2524.0,2023-09-18 17:33:28
TMS 2525: Nothing Flopped Out,https://i.ytimg.com/vi/9l8ph4VB0qk/hqdefault.jpg,2525.0,2023-09-19 17:29:51
TMS 2526: Circadian Zombie Disruption,https://i.ytimg.com/vi/_lwI0Cux9y8/hqdefault.jpg,2526.0,2023-09-20 18:20:27
TMS 2527: Squatty Scrubby Dude,https://i.ytimg.com/vi/HfN35RuxPLk/hqdefault.jpg,2527.0,2023-09-25 17:14:10
TMS 2528: Barrel Fish,https://i.ytimg.com/vi/gs-gKhS8H04/hqdefault.jpg,2528.0,2023-09-26 17:12:43
TMS 2529: Mainlining Some Cheddar,https://i.ytimg.com/vi/s9ynKKbnTNU/hqdefault.jpg,2529.0,2023-09-27 17:57:56
TMS 2530: GoRefundMe,https://i.ytimg.com/vi/ES9BmS0v-7w/hqdefault.jpg,2530.0,2023-09-28 17:58:12
TMS 2531: Knead You Tonight,https://i.ytimg.com/vi/licZbHNnKYs/hqdefault.jpg,2531.0,2023-10-02 18:36:48
TMS 2532: Tantric Algebra,https://i.ytimg.com/vi/F-aOoxzqpKY/hqdefault.jpg,2532.0,2023-10-03 17:36:22
TMS 2533: Thank You For Chering,https://i.ytimg.com/vi/cI7Y4vFvjx4/hqdefault.jpg,2533.0,2023-10-05 18:03:15
TMS 2534: Down To Wrench,https://i.ytimg.com/vi/IZHFAFjUbEU/hqdefault.jpg,2534.0,2023-10-09 17:24:56
TMS 2535: Objectionable Vegetables,https://i.ytimg.com/vi/Pg8sGqGBKMk/hqdefault.jpg,2535.0,2023-10-10 17:28:47
TMS 2536: Twice Fried A.I.,https://i.ytimg.com/vi/-I96eMV8GOI/hqdefault.jpg,2536.0,2023-10-11 17:31:39
TMS 2537: Fumpkin Spice,https://i.ytimg.com/vi/JT0h-9GV8No/hqdefault.jpg,2537.0,2023-10-12 17:54:59
TMS 2538: The Havening,https://i.ytimg.com/vi/-FH1nEHzOms/hqdefault.jpg,2538.0,2023-10-16 17:27:58
TMS 2539: No Show Yesterday,https://i.ytimg.com/vi/L4yX1_LqV9I/hqdefault.jpg,2539.0,2023-10-18 18:10:08
"TMS 2540: More, less great",https://i.ytimg.com/vi/lhlUBACtuco/hqdefault.jpg,2540.0,2023-10-19 18:02:32
TMS 2541: Southern Lag,https://i.ytimg.com/vi/zvW8S5fXA-A/hqdefault.jpg,2541.0,2023-10-23 17:06:11
TMS 2542: A Case O&#39; Queso,https://i.ytimg.com/vi/jTFEj0lxNsM/hqdefault.jpg,2542.0,2023-10-24 17:30:49
TMS 2543: A Brotherhood of Cheetos,https://i.ytimg.com/vi/hB7mfDCZkZ8/hqdefault.jpg,2543.0,2023-10-25 17:39:03
TMS 2544: Breed your Blakes,https://i.ytimg.com/vi/pfGEPVbOj84/hqdefault.jpg,2544.0,2023-10-26 17:22:08
TMS 2545: Baggie of Soup,https://i.ytimg.com/vi/AIsbnURx71Y/hqdefault.jpg,2545.0,2023-10-30 17:19:56
TMS 2546: Chewranchula,https://i.ytimg.com/vi/lzxBwr30-s8/hqdefault.jpg,2546.0,2023-10-31 17:26:02
TMS 2547: Grocery Store Belt,https://i.ytimg.com/vi/QaI6vkTbIGE/hqdefault.jpg,2547.0,2023-11-01 17:55:39
TMS 2548: Snowloween,https://i.ytimg.com/vi/snt7rjvqcGs/hqdefault.jpg,2548.0,2023-11-02 17:31:54
TMS 2549: Fargo Chipmunks,https://i.ytimg.com/vi/RGOgfTu9uAo/hqdefault.jpg,2549.0,2023-11-06 18:05:45
TMS 2550: Too Many Cox,https://i.ytimg.com/vi/5reTW9N8Rg0/hqdefault.jpg,2550.0,2023-11-07 18:11:49
TMS 2551: Herb Your Enthusiasm,https://i.ytimg.com/vi/d-SymddZA_Y/hqdefault.jpg,2551.0,2023-11-08 18:29:31
TMS 2552: Prickly Mouth Feel,https://i.ytimg.com/vi/FTq_G99lERI/hqdefault.jpg,2552.0,2023-11-09 18:24:30
TMS 2553: The Chicken Zone,https://i.ytimg.com/vi/sgIciwXRzdg/hqdefault.jpg,2553.0,2023-11-13 18:33:48
TMS 2554: Toolbag in Orbit,https://i.ytimg.com/vi/4uVz3r5ZkD8/hqdefault.jpg,2554.0,2023-11-14 18:03:53
TMS 2555: The Wrong Whopper,https://i.ytimg.com/vi/GAC3ufHMe-o/hqdefault.jpg,2555.0,2023-11-15 18:47:18
TMS 2556: All Hail Shlamoopy,https://i.ytimg.com/vi/AYnGO6UBuHc/hqdefault.jpg,2556.0,2023-11-16 19:10:38
TMS 2557: Hobo Face Pancakes,https://i.ytimg.com/vi/rGqMigljSl4/hqdefault.jpg,2557.0,2023-11-20 18:34:13
TMS 2559: Liquor Piquor,https://i.ytimg.com/vi/8v99A7ddS4A/hqdefault.jpg,2559.0,2023-11-27 17:34:57
TMS 2560: Auto-Baton,https://i.ytimg.com/vi/TrpImAfXfH8/hqdefault.jpg,2560.0,2023-11-28 17:55:25
TMS 2561: The Squid Ink Games,https://i.ytimg.com/vi/hRdJxivqg5s/hqdefault.jpg,2561.0,2023-11-29 18:53:44
TMS 2562: Discount Shocker,https://i.ytimg.com/vi/F158O0JN7M4/hqdefault.jpg,2562.0,2023-11-30 18:45:40
TMS 2563: Suitably whackadoo,https://i.ytimg.com/vi/9v8oyIhNdtc/hqdefault.jpg,2563.0,2023-12-04 18:02:23
TMS 2564: Mac &amp; No Cheese,https://i.ytimg.com/vi/nE6f0PCz-Yk/hqdefault.jpg,2564.0,2023-12-05 18:09:26
TMS 2565: Mister Meat Sticks,https://i.ytimg.com/vi/3Sr33_MCKVw/hqdefault.jpg,2565.0,2023-12-06 18:16:55
TMS 2566: Seat Meat,https://i.ytimg.com/vi/_0KheqyURuE/hqdefault.jpg,2566.0,2023-12-07 18:30:15
TMS 2567: Tomato Blame,https://i.ytimg.com/vi/zrwk08DGhNg/hqdefault.jpg,2567.0,2023-12-11 18:13:47
TMS 2568: Podfirming,https://i.ytimg.com/vi/mB5sSxRvLbk/hqdefault.jpg,2568.0,2023-12-12 17:47:07
TMS 2569: Artistic Nudity,https://i.ytimg.com/vi/We1VN33KX_Q/hqdefault.jpg,2569.0,2023-12-14 18:45:22
TMS 2570: Holiday Nog,https://i.ytimg.com/vi/3xIF87yEWHs/hqdefault.jpg,2570.0,2023-12-18 18:10:29
TMS 2571: The War on Dougs,https://i.ytimg.com/vi/Q7eiDdji3Pk/hqdefault.jpg,2571.0,2023-12-19 18:14:34
TMS 2572: Rooster McCogburn,https://i.ytimg.com/vi/wnqTNW_zRqE/hqdefault.jpg,2572.0,2023-12-20 18:38:02
TMS 2573: A Reptile Disfunction,https://i.ytimg.com/vi/6S2CC1nlvVg/hqdefault.jpg,2573.0,2023-12-21 18:18:05
"TMS 2575: New Year, Same Show",https://i.ytimg.com/vi/ow6ojAXB-cw/hqdefault.jpg,2575.0,2024-01-02 17:51:38
TMS 2576: Change the Chicken Oil,https://i.ytimg.com/vi/5Urgd-0fq6Q/hqdefault.jpg,2576.0,2024-01-03 18:24:46
TMS 2577: David Cop A Feel,https://i.ytimg.com/vi/F6ThQTxZ-10/hqdefault.jpg,2577.0,2024-01-04 17:25:04
TMS 2578: What Kind of a Skeletal Deal?,https://i.ytimg.com/vi/bgtQjwiIUt4/hqdefault.jpg,2578.0,2024-01-08 18:20:43
TMS 2579: Industrial Rapping,https://i.ytimg.com/vi/hCu0EwVAcoE/hqdefault.jpg,2579.0,2024-01-09 18:17:06
TMS 2580: PonBon,https://i.ytimg.com/vi/1g51tlSvaL0/hqdefault.jpg,2580.0,2024-01-10 18:50:15
TMS 2581: Scuntry,https://i.ytimg.com/vi/HOxbhULp0qo/hqdefault.jpg,2581.0,2024-01-11 19:01:55
TMS 2582: Moist Points,https://i.ytimg.com/vi/RZFTbfL-zCI/hqdefault.jpg,2582.0,2024-01-15 18:25:01
TMS 2583: Burner Herzog,https://i.ytimg.com/vi/O4Mz4Zklh58/hqdefault.jpg,2583.0,2024-01-16 18:14:48
TMS 2584: Blepharitis!,https://i.ytimg.com/vi/133SvAkukoU/hqdefault.jpg,2584.0,2024-01-17 18:46:20
TMS 2585: Rhesus Species,https://i.ytimg.com/vi/MahbOJpGniw/hqdefault.jpg,2585.0,2024-01-18 18:52:25
TMS 2586: Lyft With Your Legs,https://i.ytimg.com/vi/vNxwDq_qMeA/hqdefault.jpg,2586.0,2024-01-22 18:26:38
TMS 2588: Goldman Sucks,https://i.ytimg.com/vi/gRHx5CdN7HQ/hqdefault.jpg,2588.0,2024-01-23 18:26:17
TMS 2589: Spider-Scents,https://i.ytimg.com/vi/5R3QoZEbEZE/hqdefault.jpg,2589.0,2024-01-24 18:54:04
TMS 2590: Inaugural Dump,https://i.ytimg.com/vi/TilFEbXJBQs/hqdefault.jpg,2590.0,2024-01-25 18:29:13
TMS 2591: Louder Milk,https://i.ytimg.com/vi/dHemmUshWe4/hqdefault.jpg,2591.0,2024-01-29 18:12:36
TMS 2592: Burrito Flaps,https://i.ytimg.com/vi/BOZ1yMHNpJA/hqdefault.jpg,2592.0,2024-01-30 17:59:55
TMS 2593: Phreakin&#39; Phones,https://i.ytimg.com/vi/DeGAEu7ny1w/hqdefault.jpg,2593.0,2024-01-22 18:26:38
TMS 2594: The Phlebotomist Vibe,https://i.ytimg.com/vi/DoOb9ae-42E/hqdefault.jpg,2594.0,2024-02-05 18:04:57
TMS 2595: Recreational CPAP,https://i.ytimg.com/vi/i1190zryvpk/hqdefault.jpg,2595.0,2024-02-06 18:20:29
TMS 2596: First Time Cholera,https://i.ytimg.com/vi/VHSvObbmJ5I/hqdefault.jpg,2596.0,2024-02-07 18:26:55
TMS 2597: Royal Alchemist,https://i.ytimg.com/vi/ldjZ7YzHwqo/hqdefault.jpg,2597.0,2024-02-08 18:19:43
TMS 2598: Triple Grandpa,https://i.ytimg.com/vi/Xwa89infr98/hqdefault.jpg,2598.0,2024-02-13 18:13:43
TMS 2598: Avoid The Topless Nun,https://i.ytimg.com/vi/Bm857m1eD8k/hqdefault.jpg,2598.0,2024-02-12 18:13:26
TMS 2600: Fob Dylan,https://i.ytimg.com/vi/Sou1ia8MJX0/hqdefault.jpg,2600.0,2024-02-14 18:46:13
TMS 2601: Lady Gaja,https://i.ytimg.com/vi/Ra---lg62Hw/hqdefault.jpg,2601.0,2024-02-19 18:07:09
TMS 2602: Stapies,https://i.ytimg.com/vi/M5zQP470Lpo/hqdefault.jpg,2602.0,2024-02-20 18:00:06
TMS 2603: Freehand Freebird,https://i.ytimg.com/vi/EwumpfLzo94/hqdefault.jpg,2603.0,2024-02-21 18:14:30
TMS 2604: Hayley Shillelagh,https://i.ytimg.com/vi/e8Z-2_n4y34/hqdefault.jpg,2604.0,2024-02-22 18:38:44
TMS 2605: David Lyncher,https://i.ytimg.com/vi/aq30Lr85ogY/hqdefault.jpg,2605.0,2024-02-26 18:12:12
TMS 2606: Doctored Doom,https://i.ytimg.com/vi/-PK28y3y78k/hqdefault.jpg,2606.0,2024-02-27 17:49:59
TMS 2607: Potato For Now,https://i.ytimg.com/vi/r6Zv_KJw9-c/hqdefault.jpg,2607.0,2024-02-28 18:41:08
TMS 2608: The Morning Stram,https://i.ytimg.com/vi/d4e2sT0otjQ/hqdefault.jpg,2608.0,2024-02-29 18:38:03
TMS 2609: Jefferson Starplane,https://i.ytimg.com/vi/Cv2Joa40EK0/hqdefault.jpg,2609.0,2024-03-04 17:59:03
TMS 2610: Blue Diamond Phillips,https://i.ytimg.com/vi/xjux0OPkchk/hqdefault.jpg,2610.0,2024-03-06 18:26:52
TMS 2611: One Randy Hamster,https://i.ytimg.com/vi/CF1tMMXvU4s/hqdefault.jpg,2611.0,2024-03-07 18:27:09
TMS 2612: Hex On Your Family,https://i.ytimg.com/vi/Edv9UYdfxRw/hqdefault.jpg,2612.0,2024-03-11 17:09:35
TMS 2613: Zombibbott,https://i.ytimg.com/vi/DvAyZeD_xZw/hqdefault.jpg,2613.0,2024-03-12 17:15:59
TMS 2614: Chommy Tong,https://i.ytimg.com/vi/gIP297sMpXo/hqdefault.jpg,2614.0,2024-03-13 17:48:06
TMS 2616: Appropriated Mannequin,https://i.ytimg.com/vi/_y0xBtyGzZE/hqdefault.jpg,2616.0,2024-03-18 17:09:35
TMS 2617: 24 Karat Kid,https://i.ytimg.com/vi/kcIJk8FzHSs/hqdefault.jpg,2617.0,2024-03-19 17:06:08
TMS 2618: Jerky Jorts,https://i.ytimg.com/vi/qmR3u7SNSnM/hqdefault.jpg,2618.0,2024-03-20 18:06:33
TMS 2619: Snorehammer 40K,https://i.ytimg.com/vi/vUmAnh3Ouz8/hqdefault.jpg,2619.0,2024-03-21 17:29:17
TMS 2620: Dickelodeon,https://i.ytimg.com/vi/nB892LrataY/hqdefault.jpg,2620.0,2024-03-25 17:05:52
TMS 2621: Toilet epiphany,https://i.ytimg.com/vi/gfrlSwS_DmI/hqdefault.jpg,2621.0,2024-03-26 16:28:12
TMS 2622: Incompatible Soap,https://i.ytimg.com/vi/ovBxb_yIaWo/hqdefault.jpg,2622.0,2024-03-27 17:50:06
TMS 2623: Infinity Nuggets,https://i.ytimg.com/vi/oSsM_DY-dI0/hqdefault.jpg,2623.0,2024-03-28 17:38:45
TMS 2624: Diddy Diddler Dollar Tree,https://i.ytimg.com/vi/TGXX5uQsb4w/hqdefault.jpg,2624.0,2024-04-01 16:58:31
TMS 2625: Drunk Call Tuesday,https://i.ytimg.com/vi/9U-1SQinw40/hqdefault.jpg,2625.0,2024-04-02 17:05:04
TMS 2626: Follow me on Centigram,https://i.ytimg.com/vi/uLptMWiHs24/hqdefault.jpg,2626.0,2024-04-04 17:34:33
TMS 2627: Sniffin&#39; Baby Brains,https://i.ytimg.com/vi/xKU-fNKg_zg/hqdefault.jpg,2627.0,2024-04-08 16:59:26
TMS 2628: Hell Toupee,https://i.ytimg.com/vi/1COVtNjucmw/hqdefault.jpg,2628.0,2024-04-09 17:17:04
TMS 2629: Alice Doesn&#39;t Live Any More!,https://i.ytimg.com/vi/bJ-ToZwqBOE/hqdefault.jpg,2629.0,2024-04-10 17:51:51
TMS 2630: Snip N Shake,https://i.ytimg.com/vi/dJYEmIdnYcM/hqdefault.jpg,2630.0,2024-04-11 17:22:53
TMS 2631: Scaredy Tax,https://i.ytimg.com/vi/oxOjjOXyCVQ/hqdefault.jpg,2631.0,2024-04-15 17:09:29
TMS 2632: Beer Pulp,https://i.ytimg.com/vi/H8DWN-P6o4c/hqdefault.jpg,2632.0,2024-04-16 17:13:53
TMS 2633: All I heard was Spanish Yelling,https://i.ytimg.com/vi/e-zTPDDaoRc/hqdefault.jpg,2633.0,2024-04-17 17:46:06
TMS 2634: The Temu Bellagio,https://i.ytimg.com/vi/BpvKmj9iL-w/hqdefault.jpg,2634.0,2024-04-22 17:20:23
TMS 2635: Suspicious Gravy,https://i.ytimg.com/vi/1lT6_rmK1_c/hqdefault.jpg,2635.0,2024-04-23 17:12:24
TMS 2636: Apocalypse Soon,https://i.ytimg.com/vi/X2wcK40rDZs/hqdefault.jpg,2636.0,2024-04-24 17:46:29
TMS 2637: A Moist Hug,https://i.ytimg.com/vi/MeEspIOy7F0/hqdefault.jpg,2637.0,2024-04-25 17:42:07
MS 2638: Death by Pancakes,https://i.ytimg.com/vi/DeGAEu7ny1w/hqdefault.jpg,2638.0,2024-05-06 17:30:41
TMS 2639: Post Capone,https://i.ytimg.com/vi/PJPwLn9JBwA/hqdefault.jpg,2639.0,2024-05-07 17:19:16
TMS 2640: Brief and Feeble,https://i.ytimg.com/vi/HDkrtB28y7M/hqdefault.jpg,2640.0,2024-05-08 17:47:55
TMS 2641: General Consumer Spicy,https://i.ytimg.com/vi/ghscCIqdcf4/hqdefault.jpg,2641.0,2024-05-09 17:33:38
TMS 2642: The Herps,https://i.ytimg.com/vi/iQP9SB3xurM/hqdefault.jpg,2642.0,2024-05-13 17:18:38
TMS 2643: Suing Your Oates,https://i.ytimg.com/vi/1hEgsfNQZUc/hqdefault.jpg,2643.0,2024-05-14 16:59:20
TMS 2644: Fort Boyardeee,https://i.ytimg.com/vi/eemgMGgvYTo/hqdefault.jpg,2644.0,2024-05-15 17:26:27
TMS 2645: Schrodinger&#39;s Marriage,https://i.ytimg.com/vi/NUR4Gfz-5Us/hqdefault.jpg,2645.0,2024-05-16 16:30:06
TMS 2646: Flavored Water Polo,https://i.ytimg.com/vi/vFUxo1cWZwo/hqdefault.jpg,2646.0,2024-05-20 17:11:51
TMS 2647: Grandma McFlurry,https://i.ytimg.com/vi/_2IZo1QgsVA/hqdefault.jpg,2647.0,2024-05-21 17:15:06
TMS 2648: Backyard Funyun Factory,https://i.ytimg.com/vi/xq3r5Fjp48s/hqdefault.jpg,2648.0,2024-05-22 17:50:27
TMS 2649: Ivan The Frequent,https://i.ytimg.com/vi/qXyhkGfj4rA/hqdefault.jpg,2649.0,2024-05-23 17:33:43
TMS 2650: Serial Senior Slingshot Shooter,https://i.ytimg.com/vi/g3v6tPqjQDw/hqdefault.jpg,2650.0,2024-05-28 17:26:46
TMS 2651: Shuckelheads,https://i.ytimg.com/vi/WrjpV8LWsLs/hqdefault.jpg,2651.0,2024-05-29 17:39:21
TMS 2652: Summon the Beekeeper,https://i.ytimg.com/vi/HGIlSH5gvkc/hqdefault.jpg,2652.0,2024-05-30 17:23:06
TMS 2653: This One&#39;s For Allen,https://i.ytimg.com/vi/xoGs2JXP4r8/hqdefault.jpg,2653.0,2024-06-03 17:09:26
TMS 2654: Eat the McRich!,https://i.ytimg.com/vi/V5sTGC-LnNU/hqdefault.jpg,2654.0,2024-06-04 17:12:08
TMS 2655: Nine-Toes Nick,https://i.ytimg.com/vi/CrwSAiuvgQg/hqdefault.jpg,2655.0,2024-06-05 17:28:28
TMS 2656: Nose Raisins,https://i.ytimg.com/vi/nwn-knKs5WQ/hqdefault.jpg,2656.0,2024-06-06 17:29:55
TMS 2657: Newman Gnome,https://i.ytimg.com/vi/8zPh62DhL0c/hqdefault.jpg,2657.0,2024-06-10 16:51:26
TMS 2658: Midnight Duds,https://i.ytimg.com/vi/yVLL9WHGuZE/hqdefault.jpg,2658.0,2024-06-11 17:15:13
"TMS 2659: Two Wasps, One Stone",https://i.ytimg.com/vi/QyUHiKGxp2Y/hqdefault.jpg,2659.0,2024-06-12 17:15:10
TMS 2660: Kissing Kansas,https://i.ytimg.com/vi/tomg5hiX0Q8/hqdefault.jpg,2660.0,2024-06-13 17:37:49
TMS 2661: Booty McFailface,https://i.ytimg.com/vi/_6CU0BRjud0/hqdefault.jpg,2661.0,2024-06-17 17:05:09
TMS 2662: Slippery Chicken,https://i.ytimg.com/vi/TGsYopqffNQ/hqdefault.jpg,2662.0,2024-06-18 17:09:03
TMS 2663: Now Hornet Free!,https://i.ytimg.com/vi/eHmaUVY-cYU/hqdefault.jpg,2663.0,2024-06-20 17:32:43
TMS 2664: The Bleau Veneau,https://i.ytimg.com/vi/Zx4g1jsDNYo/hqdefault.jpg,2664.0,2024-06-24 17:14:09
TMS 2665: What the FORK is that,https://i.ytimg.com/vi/ENMXkxniKhY/hqdefault.jpg,2665.0,2024-06-25 16:56:04
TMS 2666: Yawn Rock,https://i.ytimg.com/vi/oAHvDermJ6U/hqdefault.jpg,2666.0,2024-06-26 17:42:23
TMS 2667: Modularity Jockularity,https://i.ytimg.com/vi/Bnb7F7LirBE/hqdefault.jpg,2667.0,2024-06-27 16:54:22
TMS 2668: Munkeys and Dunkeys,https://i.ytimg.com/vi/bEtHmeDwx0Y/hqdefault.jpg,2668.0,2024-07-01 17:03:45
TMS 2669: Bees Louise,https://i.ytimg.com/vi/VImwxezfA7E/hqdefault.jpg,2669.0,2024-07-02 17:15:13
TMS 2670: Puke-a-chu,https://i.ytimg.com/vi/2p-MvxwRI_Q/hqdefault.jpg,2670.0,2024-07-03 17:49:22
TMS 2671: Hairyola,https://i.ytimg.com/vi/EZsjSnDZXbM/hqdefault.jpg,2671.0,2024-07-08 17:08:19
TMS 2672: OnlyFusedFans,https://i.ytimg.com/vi/dM2PMRPse3E/hqdefault.jpg,2672.0,2024-07-09 17:02:01
TMS 2673: Rubbin&#39; Nubbins,https://i.ytimg.com/vi/6p0PMRIH0ZE/hqdefault.jpg,2673.0,2024-07-10 17:21:33
TMS 2674: Kinda Hootery,https://i.ytimg.com/vi/SZwsHXz6USM/hqdefault.jpg,2674.0,2024-07-11 17:35:17
TMS 2675: 4 Alarm Diaper,https://i.ytimg.com/vi/YI8cjFRNYNw/hqdefault.jpg,2675.0,2024-07-15 16:59:01
TMS 2676: Jeebies On The Side,https://i.ytimg.com/vi/mSBJigVfoqs/hqdefault.jpg,2676.0,2024-07-16 16:53:06
TMS 2677: Pez Zero,https://i.ytimg.com/vi/A0SJ2LU2_XI/hqdefault.jpg,2677.0,2024-07-17 19:16:01
TMS 2678: Joe Danger Sky,https://i.ytimg.com/vi/KSB3ulpqiRg/hqdefault.jpg,2678.0,2024-07-18 16:35:52
TMS 2679: Roomba Clanahan,https://i.ytimg.com/vi/dp8oN8A1TnQ/hqdefault.jpg,2679.0,2024-07-23 17:26:48
TMS 2680: Tall Narcissists,https://i.ytimg.com/vi/0cC6yb-_33Y/hqdefault.jpg,2680.0,2024-07-25 16:55:32
TMS 2681: Surge Purge,https://i.ytimg.com/vi/Hl4w0SZoNWc/hqdefault.jpg,2681.0,2024-07-29 17:26:17
TMS 2682: Chasing Amy Pickles,https://i.ytimg.com/vi/xOaIEghHho8/hqdefault.jpg,2682.0,2024-07-30 16:50:11
TMS 2683: Tubular Meat,https://i.ytimg.com/vi/zJ6AfAPLJAc/hqdefault.jpg,2683.0,2024-07-31 17:34:27
TMS 2684: Flipping Heck,https://i.ytimg.com/vi/cBKNUC29_A0/hqdefault.jpg,2684.0,2024-08-01 21:37:56
TMS 2685: Loofa Rigno,https://i.ytimg.com/vi/ZVbjskKzrSA/hqdefault.jpg,2685.0,2024-08-05 17:05:52
TMS 2686: Stephen Stealgull,https://i.ytimg.com/vi/_JpCxCAkwf0/hqdefault.jpg,2686.0,2024-08-06 17:04:43
TMS 2687: The Tolbert Signal,https://i.ytimg.com/vi/2WaxZ8QKiyc/hqdefault.jpg,2687.0,2024-08-07 17:34:04
TMS 2688: Ghost Plumbers,https://i.ytimg.com/vi/GvSiHDcmWgc/hqdefault.jpg,2688.0,2024-08-08 18:44:51
TMS 2689: Amazing Underpants,https://i.ytimg.com/vi/wCxispyHxHA/hqdefault.jpg,2689.0,2024-08-14 18:11:12
TMS 2690: Plushy Facehugger,https://i.ytimg.com/vi/g_9MBCN2Cp4/hqdefault.jpg,2690.0,2024-08-15 17:33:35
TMS 2691: Cro√∂nchy Stars,https://i.ytimg.com/vi/Q6OJ5Z4jTZA/hqdefault.jpg,2691.0,2024-08-19 17:11:16
TMS 2692: Bolivian Nose Candy,https://i.ytimg.com/vi/Boa0SIDAf_w/hqdefault.jpg,2692.0,2024-08-20 17:10:44
TMS 2693: The Dick Bees,https://i.ytimg.com/vi/bgvgq1ZfQDY/hqdefault.jpg,2693.0,2024-08-21 17:50:09
TMS 2694: Thai Land,https://i.ytimg.com/vi/byjHz-fINEk/hqdefault.jpg,2694.0,2024-08-22 17:16:07
TMS 2695: Just Wung It,https://i.ytimg.com/vi/yJYI__XIx_0/hqdefault.jpg,2695.0,2024-08-26 16:41:04
TMS 2696: Rant Appropriate,https://i.ytimg.com/vi/zicr6iLlqqI/hqdefault.jpg,2696.0,2024-08-27 17:09:16
TMS 2697: Crap Carp,https://i.ytimg.com/vi/FCvGVT89KaE/hqdefault.jpg,2697.0,2024-08-28 17:45:02
TMS 2698: Needa Person,https://i.ytimg.com/vi/GmMhTMrep30/hqdefault.jpg,2698.0,2024-08-29 17:30:03
TMS 2699: Big Potato Energy,https://i.ytimg.com/vi/lLszz8Hd7dU/hqdefault.jpg,2699.0,2024-09-03 16:56:00
TMS 2700: Let My Chickens Cake,https://i.ytimg.com/vi/-0HdXarA5Pk/hqdefault.jpg,2700.0,2024-09-04 18:06:31
TMS 2701: Bill &amp; Ted Go To Hell,https://i.ytimg.com/vi/bY3dtf7McW4/hqdefault.jpg,2701.0,2024-09-05 17:41:55
TMS 2702: Friendsville,https://i.ytimg.com/vi/CsG_het0cdM/hqdefault.jpg,2702.0,2024-09-09 16:56:50
TMS 2703: Taylor Sweat,https://i.ytimg.com/vi/aQaPi7b22U8/hqdefault.jpg,2703.0,2024-09-10 17:39:03
TMS 2704: Spork Talk,https://i.ytimg.com/vi/tGpxDZ_ZIDs/hqdefault.jpg,2704.0,2024-09-11 17:50:36
TMS 2705: Paint Your Head,https://i.ytimg.com/vi/aOG08D2mWNA/hqdefault.jpg,2705.0,2024-09-12 17:58:45
TMS 2706: Covidiocy,https://i.ytimg.com/vi/Vi3e5nhXm0o/hqdefault.jpg,2706.0,2024-09-18 17:38:26
TMS 2707: Pizza Pi,https://i.ytimg.com/vi/iWCJ1-PT68s/hqdefault.jpg,2707.0,2024-09-23 17:12:16
TMS 2708: A Comfortable Bosom,https://i.ytimg.com/vi/DkLLrbTdlXw/hqdefault.jpg,2708.0,2024-09-24 17:05:37
TMS 2709: Bammit,https://i.ytimg.com/vi/VmF2gqDqCIY/hqdefault.jpg,2709.0,2024-09-25 17:42:50
TMS 2710: Frisbee tots,https://i.ytimg.com/vi/dzD8q8ZoIg4/hqdefault.jpg,2710.0,2024-09-26 17:04:01
TMS 2711: Crumply Little Mess,https://i.ytimg.com/vi/APkUcSsQUpU/hqdefault.jpg,2711.0,2024-09-30 17:01:29
TMS 2712: Dave&#39;s Cable,https://i.ytimg.com/vi/8Q5nygEY12s/hqdefault.jpg,2712.0,2024-10-01 17:13:58
TMS 2713: Unsurprisingly Heartless,https://i.ytimg.com/vi/lt4nv5n8x4A/hqdefault.jpg,2713.0,2024-10-02 17:32:02
TMS 2714: Skanky Pigeons,https://i.ytimg.com/vi/0eskIXEWXmA/hqdefault.jpg,2714.0,2024-10-03 17:33:13
TMS 2715: Noodle Tax,https://i.ytimg.com/vi/WzDLgkDIfyo/hqdefault.jpg,2715.0,2024-10-07 17:27:33
TMS 2716: Wrong Swanson,https://i.ytimg.com/vi/98LD-iykRV4/hqdefault.jpg,2716.0,2024-10-08 17:23:02
TMS 2717: Sneaky Little Hole,https://i.ytimg.com/vi/9XMLkNFrkf0/hqdefault.jpg,2717.0,2024-10-09 17:33:52
TMS 2718: Roughly Naked,https://i.ytimg.com/vi/IUBcSdRr-Ng/hqdefault.jpg,2718.0,2024-10-14 17:12:27
TMS 2719: Sirius Blech,https://i.ytimg.com/vi/QrbNbtvuZWE/hqdefault.jpg,2719.0,2024-10-15 17:14:32
TMS 2720: Screw McDuck,https://i.ytimg.com/vi/45rGTob9Gu4/hqdefault.jpg,2720.0,2024-10-16 17:22:50
TMS 2721: Horse in The Attic,https://i.ytimg.com/vi/NHWja6HEEGM/hqdefault.jpg,2721.0,2024-10-17 17:17:47
TMS 2722: Soylent People,https://i.ytimg.com/vi/ntzw1aQs-is/hqdefault.jpg,2722.0,2024-10-21 17:18:27
TMS 2723: Zonal Splattage,https://i.ytimg.com/vi/t2KZQ6WZHyw/hqdefault.jpg,2723.0,2024-10-22 16:41:43
TMS 2724: Mowing Skeletons,https://i.ytimg.com/vi/Hpy0-_1Qj-o/hqdefault.jpg,2724.0,2024-10-23 17:18:41
TMS 2725: Wedging Matilda,https://i.ytimg.com/vi/BESsV_9wLJQ/hqdefault.jpg,2725.0,2024-10-24 16:28:32
TMS 2726: Loppity Hoppers,https://i.ytimg.com/vi/OoebOqd6OAU/hqdefault.jpg,2726.0,2024-10-28 16:45:43
TMS 2727: Itchy No No,https://i.ytimg.com/vi/6SjeYFXUUxc/hqdefault.jpg,2727.0,2024-10-29 16:57:42
TMS 2728: What is Arkanoid,https://i.ytimg.com/vi/LdQy6ZWobU4/hqdefault.jpg,2728.0,2024-10-30 17:16:38
TMS 2729: Flip Lish Leesh,https://i.ytimg.com/vi/qKGsSntITMY/hqdefault.jpg,2729.0,2024-10-31 17:09:44
TMS 2730: The Pope Supremacy,https://i.ytimg.com/vi/6zfpPLJ3kDc/hqdefault.jpg,2730.0,2024-11-04 18:03:01
TMS 2731: Comic Con-Clave,https://i.ytimg.com/vi/Ek9zSCSIOvI/hqdefault.jpg,2731.0,2024-11-05 18:00:12
TMS 2732: The Mourning Scream,https://i.ytimg.com/vi/BzWJpbhRuT0/hqdefault.jpg,2732.0,2024-11-06 18:04:26
TMS 2733: Cheesey Weezy,https://i.ytimg.com/vi/jkCnU6RsSMA/hqdefault.jpg,2733.0,2024-11-07 18:09:33
TMS 2734: B Tier Vices,https://i.ytimg.com/vi/AanjL7fqVCc/hqdefault.jpg,2734.0,2024-11-11 17:44:41
"TMS 2735: Sir, that&#39;s a duck",https://i.ytimg.com/vi/TY7mYc_yBzs/hqdefault.jpg,2735.0,2024-11-12 17:27:19
TMS 2736: A Whole Different Pig,https://i.ytimg.com/vi/FdR2gmwV7fs/hqdefault.jpg,2736.0,2024-11-13 18:00:53
TMS 2737: Farting on Cables,https://i.ytimg.com/vi/W5X9k1a5VyE/hqdefault.jpg,2737.0,2024-11-14 18:39:30
TMS 2738: Atlantis Morrisette,https://i.ytimg.com/vi/H6Y24fXCmcM/hqdefault.jpg,2738.0,2024-11-18 17:55:06
TMS 2739: Pocket Lindt,https://i.ytimg.com/vi/bFGkcroxAVs/hqdefault.jpg,2739.0,2024-11-19 17:51:06
TMS 2740: Bananamaniacs,https://i.ytimg.com/vi/bX7yX4Mw7NY/hqdefault.jpg,2740.0,2024-11-20 18:39:54
TMS 2741: Junk Jigglers,https://i.ytimg.com/vi/eh6kne9c-Sk/hqdefault.jpg,2741.0,2024-11-25 18:03:02
TMS 2742: Show and Yell,https://i.ytimg.com/vi/_gduJ9wbQyM/hqdefault.jpg,2742.0,2024-11-26 18:17:14
TMS 2743: Goat Goat Car,https://i.ytimg.com/vi/iGpvs-zO2h4/hqdefault.jpg,2743.0,2024-11-27 18:29:44
TMS 2744: Bullet Intolerant,https://i.ytimg.com/vi/bEuxFLoWkqg/hqdefault.jpg,2744.0,2024-12-02 17:59:28
TMS 2745: The Rowing Stoines,https://i.ytimg.com/vi/TIMhgRwWLyA/hqdefault.jpg,2745.0,2024-12-03 18:15:37
TMS 2746: A little Weezery,https://i.ytimg.com/vi/rfD7KGxylFM/hqdefault.jpg,2746.0,2024-12-04 18:28:33
