title,link,scraped_date
TMS 558: Pokemon!,https://www.youtube.com/watch?v=r8SZDqagrQM,27 Feb 2014
TMS 569: The Animated Pope,https://www.youtube.com/watch?v=Me671znxGUk,18 Mar 2014
TMSPM 580: All hail Lord Nerzook!,https://www.youtube.com/watch?v=pim9tN1mNsk,3 Apr 2014
TMS 592: There are Spider Men everywhere!,https://www.youtube.com/watch?v=2Bi3bg1FMCE,23 Apr 2014
TMS 605: New name for a day,https://www.youtube.com/watch?v=PEP1Fwuynzw,14 May 2014
TMSPM 624: Crystal Metheny,https://www.youtube.com/watch?v=47_D9p-hNNk,13 Jun 2014
TMSPM 632: More Dots,https://www.youtube.com/watch?v=6SZb-9Lgd-k,26 Jun 2014
TMS 648: What have we here,https://www.youtube.com/watch?v=ntMnqhRl8kc,29 Jul 2014
TMS 650: In Sprite of the Banana,https://www.youtube.com/watch?v=xksTHdYw09Y,31 Jul 2014
TMS 654: Parking Lots & Dirty Sweden,https://www.youtube.com/watch?v=6GlN2gvBWpE,7 Aug 2014
TMS 657: Knife from the sky,https://www.youtube.com/watch?v=OrL1Wc_m85A,13 Aug 2014
TMS 666: The Devil Episode,https://www.youtube.com/watch?v=dT-AipzA0tk,27 Aug 2014
667: Lag me a river,https://www.youtube.com/watch?v=TxCfRXOAh68,28 Aug 2014
TMS 676: Bag of tiny what?,https://www.youtube.com/watch?v=d6x1-A35LP0,11 Sept 201
TMS 679: Third Man!,https://www.youtube.com/watch?v=JZWTClrRgxM,16 Sept 201
TMS 680: Gotta Get Grocer,https://www.youtube.com/watch?v=3Yoq8pR1cHY,17 Sept 201
TMS 682: Make me a third one,https://www.youtube.com/watch?v=s09IpNugc4Y,22 Sept 201
TMS 683: Figurative Nine Hours,https://www.youtube.com/watch?v=siRk8h_7Qdc,23 Sept 201
TMS 684: Butt Bend,https://www.youtube.com/watch?v=INElt0CdcvI,24 Sept 201
TMSPM 686: Beev Dawg!,https://www.youtube.com/watch?v=5nce8QCfURg,25 Sept 201
TMS 688: Showtime Jerks,https://www.youtube.com/watch?v=x-lua3U13sY,1 Oct 2014
TMS 691: The Morning Show 64,https://www.youtube.com/watch?v=UnNYTx84b5g,6 Oct 2014
TMS 692: Hippity-Hoppity (2),https://www.youtube.com/watch?v=1SeLXruCUHE,7 Oct 2014
TMS 693: Mountain Related,https://www.youtube.com/watch?v=9p-Mw6QjEts,8 Oct 2014
TMSPM 695,https://www.youtube.com/watch?v=F0dNlgOE3lk,9 Oct 2014
TMS 696: Nice day to start again,https://www.youtube.com/watch?v=iVDVDiPIy8E,13 Oct 2014
TMS 697: Your First Time,https://www.youtube.com/watch?v=O21wQd46A2k,14 Oct 2014
TMS 698: Gimmie Gimmie,https://www.youtube.com/watch?v=wCL47Z_XQ3E,15 Oct 2014
TMS 699: All these gates,https://www.youtube.com/watch?v=4dPu41CaEmw,16 Oct 2014
TMS 704,https://www.youtube.com/watch?v=4yebatI91LQ,27 Oct 2014
TMS 705: Near Field Miscommunication,https://www.youtube.com/watch?v=nr6qenIchQ8,28 Oct 2014
TMS 707: Melt Cheese,https://www.youtube.com/watch?v=v_ILpVFrrRo,30 Oct 2014
TMS 709: Fade Into Us,https://www.youtube.com/watch?v=5etjrSYOnf0,3 Nov 2014
TMS 710: Done Deliberate,https://www.youtube.com/watch?v=mEEogT8k1zA,4 Nov 2014
TMS 711: Pocket full of Chells,https://www.youtube.com/watch?v=EBm6ytXg2xA,5 Nov 2014
TMS 714: Two Bits,https://www.youtube.com/watch?v=rJje2Gh7HrU,12 Nov 2014
TMS 715: You ate my cookies!,https://www.youtube.com/watch?v=_k04qFULFBg,13 Nov 2014
tms pm 716,https://www.youtube.com/watch?v=CdJ14Lj0NCM,13 Nov 2014
TMS 717,https://www.youtube.com/watch?v=A2AM7S-PCcA,17 Nov 2014
TMS 719: Uber Cocky,https://www.youtube.com/watch?v=GOeO04bfxGw,19 Nov 2014
TMS 720,https://www.youtube.com/watch?v=I3-RCiqhEtQ,20 Nov 2014
TMS 721: The Yellow Blur,https://www.youtube.com/watch?v=h9u-2UqGjP8,24 Nov 2014
TMS 725: Move the Micro,https://www.youtube.com/watch?v=WK2tgkx7m5s,2 Dec 2014
TMS 726: The DMV Gods,https://www.youtube.com/watch?v=UkEJVzgbBrQ,3 Dec 2014
TMS 727: Pew Pew,https://www.youtube.com/watch?v=uIbm7y4WiIE,4 Dec 2014
TMS 729: Imagine All The Peep Hole,https://www.youtube.com/watch?v=iOX2px4r44E,8 Dec 2014
TMS 735: Cereal,https://www.youtube.com/watch?v=VvRJhWcj9uU,16 Dec 2014
TMS 736: Spood Beast,https://www.youtube.com/watch?v=qt-WcT7boyw,17 Dec 2014
TMS 737: Puddle of Mood,https://www.youtube.com/watch?v=lsk2l3VtZ-8,18 Dec 2014
TMS 739: All about that base are belond to us,https://www.youtube.com/watch?v=uj7PAWNkypY,22 Dec 2014
TMS 740,https://www.youtube.com/watch?v=H_rePLoGmVQ,31 Dec 2014
TMS 741: Get off the road!,https://www.youtube.com/watch?v=qigtI-R_2zk,5 Jan 2015
TMS 743,https://www.youtube.com/watch?v=9jWnrn6_IY8,7 Jan 2015
tms pm 745,https://www.youtube.com/watch?v=qR-R0Ge2fXs,8 Jan 2015
TMS 746: Nobody pees in the Notch pool,https://www.youtube.com/watch?v=OMy1aiAEITA,12 Jan 2015
TMS 747: Genius McGenius,https://www.youtube.com/watch?v=djPaEo-mu0A,13 Jan 2015
TMS 748: Closing Loopholes,https://www.youtube.com/watch?v=HhZ3dtnlKv4,14 Jan 2015
TMS 749: 50 ways to leave your bubbler,https://www.youtube.com/watch?v=o-NRwOiAAI8,15 Jan 2015
TMS 753: Horse Butts,https://www.youtube.com/watch?v=C5Bowi7k1gw,21 Jan 2015
TMS: 755: Rastlin,https://www.youtube.com/watch?v=EBk-2bocLnA,27 Jan 2015
New TMS 756,https://www.youtube.com/watch?v=KTBbLe7jgNQ,28 Jan 2015
TMS 758: Run the freaking ball!,https://www.youtube.com/watch?v=fvqFGgPK0cs,3 Feb 2015
TMS 759: Greatly Appreciated,https://www.youtube.com/watch?v=8DcIccYxBZo,3 Feb 2015
TMS 761: Don't Feel The Reaper,https://www.youtube.com/watch?v=Ymq9KAuu6pE,5 Feb 2015
TMS 763: Slowly Drive On By,https://www.youtube.com/watch?v=aLThQmLzQgw,9 Feb 2015
TMS 764: Shpridermans,https://www.youtube.com/watch?v=1bjH_hZuguQ,10 Feb 2015
TMS 768,https://www.youtube.com/watch?v=kQ_FMPDVbSI,17 Feb 2015
TMS 769: Run for the hills,https://www.youtube.com/watch?v=DuHhV9coSkk,18 Feb 2015
TMS 772: My Banana Says Run,https://www.youtube.com/watch?v=_rS8tQx__fI,23 Feb 2015
TMS 773,https://www.youtube.com/watch?v=93a48mgA6KE,24 Feb 2015
TMS 774,https://www.youtube.com/watch?v=P1Tyd6X551M,25 Feb 2015
TMS 781,https://www.youtube.com/watch?v=tDfGXecqpVc,9 Mar 2015
"TMS 782: Oops, I deet eet again!",https://www.youtube.com/watch?v=N5bZ27tQpdg,10 Mar 2015
TMS 783: Roof Pizza,https://www.youtube.com/watch?v=C_QSnztNwEE,11 Mar 2015
TMS 786: Mud Covered Police,https://www.youtube.com/watch?v=JQ8i0ICCmrw,16 Mar 2015
TMS 787: Chese covered horse face,https://www.youtube.com/watch?v=2A0W-ncB804,17 Mar 2015
TMS 791: FroggyStyle,https://www.youtube.com/watch?v=BRyQcsMCNYY,24 Mar 2015
TMS - 792,https://www.youtube.com/watch?v=Huhek65IlrE,25 Mar 2015
TMS 793: In your dreams,https://www.youtube.com/watch?v=u7M1NQ1oFaU,26 Mar 2015
TMS 797,https://www.youtube.com/watch?v=bLkDPxLl5d4,2 Apr 2015
TMS 799: Grown Ass Woman,https://www.youtube.com/watch?v=1R0spvDiD5w,6 Apr 2015
TMS 800: Pound Gorilla,https://www.youtube.com/watch?v=-0N4fbrJH_8,7 Apr 2015
TMS 801,https://www.youtube.com/watch?v=TWhqgqyeZ6I,8 Apr 2015
TMS 802,https://www.youtube.com/watch?v=SQszK7cx8Nw,9 Apr 2015
TMSPM 803,https://www.youtube.com/watch?v=bAE28HzQ7TU,9 Apr 2015
TMS 805,https://www.youtube.com/watch?v=EhX3eCHRHNk,15 Apr 2015
TMS 812,https://www.youtube.com/watch?v=dAgulDk3358,28 Apr 2015
TMS 813: Show Classic,https://www.youtube.com/watch?v=z7W1um6276c,29 Apr 2015
TMS PM 815,https://www.youtube.com/watch?v=A1U4F-zF99w,1 May 2015
TMS 816,https://www.youtube.com/watch?v=kox19Pja-Us,4 May 2015
TMS 817: Please don't be bad.,https://www.youtube.com/watch?v=OhiPSRENxOE,5 May 2015
819: T-Shirt Offense,https://www.youtube.com/watch?v=cbYqqH6ztAg,7 May 2015
TMSPM 820,https://www.youtube.com/watch?v=RpT8h1XkrQ8,7 May 2015
"823: This time, legally.",https://www.youtube.com/watch?v=rwHOg-n_sA0,13 May 2015
TMS 824,https://www.youtube.com/watch?v=RkPsRbwgpx4,14 May 2015
TMS 829,https://www.youtube.com/watch?v=YBEOno6eyxY,26 May 2015
TMS 830 Mythical Burrito,https://www.youtube.com/watch?v=3kQ9Om1hF7w,27 May 2015
TMS 831,https://www.youtube.com/watch?v=trPywvEQxBw,28 May 2015
TMSPM 832,https://www.youtube.com/watch?v=dVDfLP-757M,28 May 2015
TMS 834,https://www.youtube.com/watch?v=1E5Wf06Zz-0,2 Jun 2015
838: Spins a web any size,https://www.youtube.com/watch?v=69vWySPhXDE,10 Jun 2015
TMS 839,https://www.youtube.com/watch?v=xQhExXlCebE,11 Jun 2015
TMS 843,https://www.youtube.com/watch?v=uJWqXNJtOkY,17 Jun 2015
TMS 844,https://www.youtube.com/watch?v=8SjocrjBW68,18 Jun 2015
TMS 846,https://www.youtube.com/watch?v=km32GWeP03o,23 Jun 2015
TMS 847: Selfie Stuck,https://www.youtube.com/watch?v=CIokJV02Rno,29 Jun 2015
TMS 849,https://www.youtube.com/watch?v=1RRjqgb3tjw,1 Jul 2015
TMS 850,https://www.youtube.com/watch?v=h63kAqMYwzI,2 Jul 2015
TMSPM 851,https://www.youtube.com/watch?v=nKXjdI6obaw,2 Jul 2015
TMS 854,https://www.youtube.com/watch?v=IH25NlehNdw,8 Jul 2015
TMS PM 856,https://www.youtube.com/watch?v=zj4naSdvQkY,9 Jul 2015
TMS 857,https://www.youtube.com/watch?v=lSXgSzzQ0cM,13 Jul 2015
TMS 858,https://www.youtube.com/watch?v=qsYn7ERqMfU,14 Jul 2015
TMS 859,https://www.youtube.com/watch?v=lLRnbW5lvLc,16 Jul 2015
TMS 861,https://www.youtube.com/watch?v=W8Hkd1AYT9s,20 Jul 2015
TMS 862,https://www.youtube.com/watch?v=gdDwGVSvl50,21 Jul 2015
TMSPM 863,https://www.youtube.com/watch?v=qvx4gzluoiw,13 Aug 2015
TMS 870,https://www.youtube.com/watch?v=P5JZNcv_hsc,11 Aug 2015
TMS 875,https://www.youtube.com/watch?v=OjPtzZF4y9o,18 Aug 2015
TMS 877,https://www.youtube.com/watch?v=0pTYu7vjeJI,20 Aug 2015
TMS 879,https://www.youtube.com/watch?v=q6Ei7MG4ucs,25 Aug 2015
TMS 902,https://www.youtube.com/watch?v=J75umguS4kc,6 Oct 2015
TMSPM 904,https://www.youtube.com/watch?v=7-HyCg74XzE,8 Oct 2015
TMS 906,https://www.youtube.com/watch?v=hEMylG-vYOQ,12 Oct 2015
TMS 909,https://www.youtube.com/watch?v=GF5iud3XMeE,15 Oct 2015
TMSPM 1562,https://www.youtube.com/watch?v=z2nxtaCB-Vs,15 Sept 201
TMS 1563 Part 1,https://www.youtube.com/watch?v=Rz7ago1jlRs,17 Sept 201
TMS 1564 Part 1,https://www.youtube.com/watch?v=v17FJHtPI5U,18 Sept 201
TMS 1565 Part 1,https://www.youtube.com/watch?v=Kgz7u84P3PQ,19 Sept 201
TMS 1566 Part 1,https://www.youtube.com/watch?v=e3XVTcTVvKo,20 Sept 201
TMS PM 1567,https://www.youtube.com/watch?v=coCGLjzBIGc,21 Sept 201
"TMS 1568 Part 2: IPA Now, IPP Later",https://www.youtube.com/watch?v=8HJZW2jO50Y,24 Sept 201
TMS 1569 Part 1: Trek The Halls,https://www.youtube.com/watch?v=L1wTnaaYGgk,25 Sept 201
TMS 1570 Part 1,https://www.youtube.com/watch?v=B6E1LOIEGRU,26 Sept 201
TMS 1572: Chicken Cake Part 1,https://www.youtube.com/watch?v=sg86P4USx54,2 Oct 2018
TMS 1573: Tom Hardly Part 1,https://www.youtube.com/watch?v=TJoeHn9GwSQ,3 Oct 2018
TMS 1574: The Ladies Attachment Part 1,https://www.youtube.com/watch?v=y2nheyDaJhs,4 Oct 2018
TMSPM 1575: Circus Peanut Flesh,https://www.youtube.com/watch?v=y3hnQmT89dQ,5 Oct 2018
TMS 1576: A Man Delorean,https://www.youtube.com/watch?v=HkPARo4Jmpk,8 Oct 2018
TMS 1577: Not on (M)any Drugs Part 1,https://www.youtube.com/watch?v=GUjROQsTgiE,10 Oct 2018
TMS 1578: Toast Sweat Part 1,https://www.youtube.com/watch?v=bz-cnLFRv5o,11 Oct 2018
TMS PM 1579,https://www.youtube.com/watch?v=fWxSvR7yc9Y,12 Oct 2018
TMS 1580 Part 1,https://www.youtube.com/watch?v=kYAwLZ7ojJg,15 Oct 2018
TMS 1581 Part 1,https://www.youtube.com/watch?v=s169yZJxl-k,16 Oct 2018
TMS 1582: Taste the Tumor Part 1,https://www.youtube.com/watch?v=3-xH7W5CGRY,17 Oct 2018
TMS 1583 Part 1,https://www.youtube.com/watch?v=6h2UyOqNiCY,18 Oct 2018
TMS PM 1584,https://www.youtube.com/watch?v=_9xkED4sNjk,19 Oct 2018
TMS 1585 Part 1,https://www.youtube.com/watch?v=7zzK5tTZQMk,22 Oct 2018
TMS 1586: Artificial Hoo Ha Part 2,https://www.youtube.com/watch?v=NsLIIq9c30U,24 Oct 2018
TMS 1588 Part 1,https://www.youtube.com/watch?v=_ETNYIJyJRQ,29 Oct 2018
TMS 1589: Toast is Bread Part 1,https://www.youtube.com/watch?v=ybZdzaw6sEY,30 Oct 2018
TMS 1590 Part 1,https://www.youtube.com/watch?v=LUd-mMwGkXs,5 Nov 2018
TMS 1591 Part 2,https://www.youtube.com/watch?v=xiPf2he4lns,6 Nov 2018
TMS 1592 Part 1,https://www.youtube.com/watch?v=bdhNwnTAjlA,7 Nov 2018
TMS 1593: Fiiring up the Epilady Part 1,https://www.youtube.com/watch?v=Xi8_ygvNqZc,8 Nov 2018
TMS PM 1594,https://www.youtube.com/watch?v=sqtUP44t8TY,9 Nov 2018
TMS 1595 Part 1,https://www.youtube.com/watch?v=HFyeR5JYR-g,12 Nov 2018
TMS 1596 Part 1,https://www.youtube.com/watch?v=7ng9LxCxBkM,14 Nov 2018
TMS 1597 Part 1,https://www.youtube.com/watch?v=M_E9TDLLehQ,15 Nov 2018
TMS PM 1598: Kroger-brand Butt-pickle,https://www.youtube.com/watch?v=Zw0zw3XO-GI,16 Nov 2018
TMS 1599 Part 1,https://www.youtube.com/watch?v=qU1wc82pBKY,19 Nov 2018
TMS 1600,https://www.youtube.com/watch?v=UJujkhGfjbw,20 Nov 2018
TMS 1601: Neighbor to the Doodle Part 1,https://www.youtube.com/watch?v=yw55Mk9i7Lo,21 Nov 2018
TMS 1602 Part 2,https://www.youtube.com/watch?v=43GyarEghzQ,26 Nov 2018
TMS 1603: The Ma'am Mum Conundrum,https://www.youtube.com/watch?v=Rn3PEws10IY,27 Nov 2018
TMS 1604: Nobody expects the Sweaty Handquisition,https://www.youtube.com/watch?v=ComFPoNWFQw,28 Nov 2018
TMS 1605: Don't Trust the Key in Apt. 23,https://www.youtube.com/watch?v=zpPdNMsgsYk,29 Nov 2018
"TMSPM 1606: Weight, Weight Don't Tell Me",https://www.youtube.com/watch?v=YMV9yalYwUw,30 Nov 2018
"TMS 1607: If You Can Dodge $3, You Can Dodge a Ball",https://www.youtube.com/watch?v=wX-KoWM9LaM,3 Dec 2018
TMS 1608: The Exscape of Rascal Penjarvis,https://www.youtube.com/watch?v=-x8X1uUViSE,4 Dec 2018
TMS 1609: Reese Whitherbone,https://www.youtube.com/watch?v=ar1-YVN7hMU,5 Dec 2018
TMS 1610: Chad The Exorcist,https://www.youtube.com/watch?v=Y3kw86Pmy84,6 Dec 2018
TMS PM 1611,https://www.youtube.com/watch?v=2yLOieXyUpg,7 Dec 2018
TMS 1613: The War On X-Miss Kentucky,https://www.youtube.com/watch?v=fgguLlRwoLU,11 Dec 2018
TMS 1614: Side of Undies,https://www.youtube.com/watch?v=QUU1WP4ms64,12 Dec 2018
"TMSPM 1615: Toes, Toto, and Toast",https://www.youtube.com/watch?v=22iBRNotDOU,14 Dec 2018
TMS 1616: Don’t Trust The Q On Deck 23,https://www.youtube.com/watch?v=dBc8TcnGiYk,17 Dec 2018
TMS 1617: Dog Repairs,https://www.youtube.com/watch?v=dVqm5XH-8lE,18 Dec 2018
TMS 1618: The Adventures of Buck Monthly,https://www.youtube.com/watch?v=r_KuAEZpP1Q,19 Dec 2018
TMS 1619: The Adventures of Big Foot and Little Hands,https://www.youtube.com/watch?v=6DnltqS8zgg,20 Dec 2018
TMS 1620: Bewbs Actually,https://www.youtube.com/watch?v=aAcwxEvsp4I,26 Dec 2018
TMS 1621: King Whatshisbucket,https://www.youtube.com/watch?v=iRLwH50fARs,27 Dec 2018
TMS 1622,https://www.youtube.com/watch?v=7aPO3wUvk74,2 Jan 2019
TMS 1624,https://www.youtube.com/watch?v=qQd5LKbjFU0,3 Jan 2019
TMS PM 1625: Cafartic,https://www.youtube.com/watch?v=BkZ3e9W8JSQ,5 Jan 2019
TMS 1626: Pho King Bingo,https://www.youtube.com/watch?v=k7gzINTLoPE,7 Jan 2019
TMS 1627: Sea Meat,https://www.youtube.com/watch?v=jUTJMvwWrTo,8 Jan 2019
TMS 1628: Doorbellingus,https://www.youtube.com/watch?v=x4U__r90tLc,9 Jan 2019
TMS 1629: Maria With A Spoon In A Back Room,https://www.youtube.com/watch?v=vQ-lj8-gGBo,10 Jan 2019
TMSPM 1630,https://www.youtube.com/watch?v=UoPsNwXPOhc,11 Jan 2019
TMS 1631: Burgundy Button Downs,https://www.youtube.com/watch?v=JWKwkmIj1MA,14 Jan 2019
TMS 1632: Is it too early for a raccoon sandwich?,https://www.youtube.com/watch?v=BIF3VMd0aTU,15 Jan 2019
TMS 1633 Part 1 Cheat Responsibly,https://www.youtube.com/watch?v=VScxkVPVquA,17 Jan 2019
TMS PM 1634,https://www.youtube.com/watch?v=3Oqsa-XlGsE,18 Jan 2019
TMS 1636: Soy Nut Inclusions,https://www.youtube.com/watch?v=LfFh2HR50cA,21 Jan 2019
TMS 1637,https://www.youtube.com/watch?v=mLI3dP8CMLU,22 Jan 2019
TMS 1638: One and Dunaway,https://www.youtube.com/watch?v=nXML5X537n0,23 Jan 2019
TMS 1639: Manspreading vs Shebagging,https://www.youtube.com/watch?v=j8WDkG_To3I,24 Jan 2019
TMS 1640: Grandpa begins at conception,https://www.youtube.com/watch?v=zZXV1xIneIU,28 Jan 2019
TMS 1641,https://www.youtube.com/watch?v=dmHlPLExIqU,30 Jan 2019
TMS 1642,https://www.youtube.com/watch?v=8lj3NNekpxI,30 Jan 2019
TMS 1643 Part One,https://www.youtube.com/watch?v=ozN3I762MbE,31 Jan 2019
"TMSPM 1644: Shave and a Haircut, Poo Bits",https://www.youtube.com/watch?v=EHbikWA5uRo,1 Feb 2019
TMS 1645: Why Does He Get Genitals?,https://www.youtube.com/watch?v=BUnLtrmqptE,4 Feb 2019
TMS 1646: Wandering Into Mulva Territory,https://www.youtube.com/watch?v=9PC1blAF_YU,5 Feb 2019
TMS 1647,https://www.youtube.com/watch?v=EgaOXcRGUs0,6 Feb 2019
TMS 1648: Tinkerbell's Palsy,https://www.youtube.com/watch?v=060F-vzo9Vo,7 Feb 2019
TMSPM 1649: Mr. Electric-Poopy-Dog-Call-the-Cops Man,https://www.youtube.com/watch?v=nKxgcxGJru4,8 Feb 2019
TMS 1650: Point on the Body Where Your Immune System Is,https://www.youtube.com/watch?v=VS-5LEUrwFs,11 Feb 2019
TMS 1652: Pig Mentally Challenged,https://www.youtube.com/watch?v=SdWTFR7XUfE,13 Feb 2019
TMS 1653 Part 1,https://www.youtube.com/watch?v=aaivQD9nu7w,14 Feb 2019
TMSPM 1654: Ever seen capers?,https://www.youtube.com/watch?v=PovS5CPS724,15 Feb 2019
TMS 1655: Scootin' Around on a Slim Jimmy,https://www.youtube.com/watch?v=qgMRnMYKDgo,18 Feb 2019
TMS 1658,https://www.youtube.com/watch?v=oywbbekbe3s,21 Feb 2019
TMS 1659: The Bellagio Bidet,https://www.youtube.com/watch?v=GORwBoH9x9M,25 Feb 2019
TMS 1660: F the Right Off Outta Here That Direction,https://www.youtube.com/watch?v=sl4HknCG_HU,26 Feb 2019
TMS 1661,https://www.youtube.com/watch?v=Njro2ULnon0,27 Feb 2019
TMS 1662: Simulated Doin It,https://www.youtube.com/watch?v=DNFz9dnTSvE,4 Mar 2019
TMS 1663: Stickin’ it to Mr. Hilton,https://www.youtube.com/watch?v=1BI9DXyDtJ4,5 Mar 2019
TMS 1664,https://www.youtube.com/watch?v=Uxw5D1I4yP0,6 Mar 2019
TMS 1665,https://www.youtube.com/watch?v=bGQ8W9krBuE,7 Mar 2019
"TMSPM 1666: Might As Well Face It, You're Allergic To Farts",https://www.youtube.com/watch?v=FbAfHLvH00E,8 Mar 2019
TMS 1668: Fart Picklers,https://www.youtube.com/watch?v=GXegOH2BpC4,12 Mar 2019
TMS 1669: Food Tumor Supreme,https://www.youtube.com/watch?v=KQ0lyOpLVs8,13 Mar 2019
"TMS 1670: If It's A Restaurant, It's Not Racist",https://www.youtube.com/watch?v=0ekf3aDH8zo,14 Mar 2019
TMSPM 1671: Maybe I Gave Her a Weird Frosty,https://www.youtube.com/watch?v=USxQ02be9Fc,15 Mar 2019
TMS 1672: Maybe Disney Jumped the Gunn,https://www.youtube.com/watch?v=EKQgmiJ-PMg,18 Mar 2019
TMS 1673: Playing Footsie With Death,https://www.youtube.com/watch?v=hnpdfNVwCXw,19 Mar 2019
TMS 1674: Wall Hiking,https://www.youtube.com/watch?v=GQBZS-yf5ds,20 Mar 2019
TMS 1675: Aorta me some hair fries,https://www.youtube.com/watch?v=gyQQ015kxvs,21 Mar 2019
TMS PM 1676,https://www.youtube.com/watch?v=pt0YFif3giA,22 Mar 2019
TMS 1677: General Tsalmonella's Chicken,https://www.youtube.com/watch?v=6V8ObzgR2b4,25 Mar 2019
TMS 1678,https://www.youtube.com/watch?v=D6qWzyYzBNQ,26 Mar 2019
TMS 1679,https://www.youtube.com/watch?v=jhucUL8qapU,27 Mar 2019
TMS 1680,https://www.youtube.com/watch?v=k-SfaC43DLc,28 Mar 2019
TMS 1681,https://www.youtube.com/watch?v=3l36RP7jDLk,1 Apr 2019
TMS 1682: Horse Bucket Garambe,https://www.youtube.com/watch?v=HBXbQ-yjof8,2 Apr 2019
"TMS 1683: Picker, Grinner, and Fidget Spinner",https://www.youtube.com/watch?v=Cb9drXXugfA,3 Apr 2019
TMS 1684,https://www.youtube.com/watch?v=F8BH1-zuhIc,4 Apr 2019
TMS 1685: As easy as taking Doritos from a teenager,https://www.youtube.com/watch?v=0ArzcoUOKcU,8 Apr 2019
TMS 1686: Lookin for Lungs in All the Wrong Places,https://www.youtube.com/watch?v=6PN3qxjyKWg,9 Apr 2019
TMS 1687: Furiocho,https://www.youtube.com/watch?v=I6l9iD_BCIw,10 Apr 2019
TMS 1688,https://www.youtube.com/watch?v=zKr4CFAdtcs,11 Apr 2019
TMS PM 1689,https://www.youtube.com/watch?v=5LioUvhSSzI,12 Apr 2019
TMS 1692: How about we focus on the Question,https://www.youtube.com/watch?v=Ks-VlmGhu2U,17 Apr 2019
TMS 1693: Last Peg on the Trucker Strap,https://www.youtube.com/watch?v=4uV6GYz6UkI,18 Apr 2019
TMS PM 1694,https://www.youtube.com/watch?v=RsaS7Q9ueBg,19 Apr 2019
TMS 1695,https://www.youtube.com/watch?v=fLV8smliMdc,22 Apr 2019
TMS 1696,https://www.youtube.com/watch?v=Td2rtggybtA,23 Apr 2019
TMS 1697,https://www.youtube.com/watch?v=egHoBgleFvM,24 Apr 2019
TMS 1698,https://www.youtube.com/watch?v=Yl-XzKbbJRo,30 Apr 2019
TMS 1700,https://www.youtube.com/watch?v=cAAjcXUSPX0,2 May 2019
TMS PM 1701,https://www.youtube.com/watch?v=6E1eMLykrS8,6 May 2019
TMS 1702,https://www.youtube.com/watch?v=jXWe235qUW0,6 May 2019
TMS 1703: These brownies taste like ash,https://www.youtube.com/watch?v=2IcGDEv8oCs,7 May 2019
TMS 1704,https://www.youtube.com/watch?v=H5L5_xokC6o,8 May 2019
TMS 1705,https://www.youtube.com/watch?v=nJ_czrsBAlY,9 May 2019
TMS 1706,https://www.youtube.com/watch?v=-AH1GX_2k8M,13 May 2019
TMS 1707,https://www.youtube.com/watch?v=_7OW2MMJ-2w,14 May 2019
TMS 1708,https://www.youtube.com/watch?v=Xk-ALKN4JkQ,15 May 2019
TMS 1709,https://www.youtube.com/watch?v=d8qo70XKTWM,16 May 2019
TMSPM 1710,https://www.youtube.com/watch?v=oydXMVDpFpY,17 May 2019
TMS 1711,https://www.youtube.com/watch?v=asUhKkWAaBg,20 May 2019
TMS 1712,https://www.youtube.com/watch?v=QzamE6QiWBo,21 May 2019
TMS 1713,https://www.youtube.com/watch?v=IJSP92ui9aE,22 May 2019
TMSPM 1714,https://www.youtube.com/watch?v=vZ3BszAAhYQ,25 May 2019
TMS 1715 FIXED,https://www.youtube.com/watch?v=-_7S9hUL8ko,30 May 2019
TMS 1716,https://www.youtube.com/watch?v=hju4Q_C1TfM,28 May 2019
TMS 1717,https://www.youtube.com/watch?v=ywvG0zUxLgs,29 May 2019
TMS 1718,https://www.youtube.com/watch?v=7bxqCkj6yJ0,30 May 2019
TMS 1720: F-35 Dong-fight,https://www.youtube.com/watch?v=xqR5QwMdLpA,3 Jun 2019
TMS 1721,https://www.youtube.com/watch?v=SgHVKOiAUCg,4 Jun 2019
TMS 1722,https://www.youtube.com/watch?v=dgBO4YDcVNQ,5 Jun 2019
TMS 1723,https://www.youtube.com/watch?v=Pl1wvFk7IJ8,6 Jun 2019
TMSPM 1724,https://www.youtube.com/watch?v=_JvIsusqnnU,7 Jun 2019
TMS 1725,https://www.youtube.com/watch?v=9ExEX_VA2nM,11 Jun 2019
TMS 1726,https://www.youtube.com/watch?v=HVgcxrZny2o,11 Jun 2019
TMS 1727,https://www.youtube.com/watch?v=DqrB5A0o0To,12 Jun 2019
TMS 1728,https://www.youtube.com/watch?v=qRzAkJFGJFA,13 Jun 2019
TMS 1730: Caruruoted Ortery,https://www.youtube.com/watch?v=qr5GdgqycGY,18 Jun 2019
TMSPM 1734,https://www.youtube.com/watch?v=ZeXj6vrVedM,21 Jun 2019
TMS 1737: Supposed Peanut Butter Square,https://www.youtube.com/watch?v=V7bOwuQgC00,27 Jun 2019
TMS PM 1738,https://www.youtube.com/watch?v=79FiwlmErEc,28 Jun 2019
TMS 1740,https://www.youtube.com/watch?v=DcPqN8ny0pw,2 Jul 2019
TMS PM 1742,https://www.youtube.com/watch?v=mRORM2orKpk,5 Jul 2019
TMS 1744,https://www.youtube.com/watch?v=euAQ-wxolMY,9 Jul 2019
TMS 1746,https://www.youtube.com/watch?v=ke0aIoiGuNo,11 Jul 2019
TMS 1749,https://www.youtube.com/watch?v=lAWHNMKVNQs,16 Jul 2019
TMS 1752,https://www.youtube.com/watch?v=LSCl_BFCwD0,22 Jul 2019
TMS 1753,https://www.youtube.com/watch?v=PmkT3tvFLhk,23 Jul 2019
TMS 1755,https://www.youtube.com/watch?v=1DFTEP9l8VE,25 Jul 2019
TMSPM 1756,https://www.youtube.com/watch?v=dOvJAhLE6ug,27 Jul 2019
TMS 1758,https://www.youtube.com/watch?v=042qnDcMSWA,31 Jul 2019
TMS 1759,https://www.youtube.com/watch?v=krohaJlVLfs,1 Aug 2019
TMSPM 1760,https://www.youtube.com/watch?v=dKxIZA9OVkU,2 Aug 2019
TMS 1761,https://www.youtube.com/watch?v=TCdpsx5oJgw,5 Aug 2019
TMS 1762,https://www.youtube.com/watch?v=Phb8tAa0wjU,6 Aug 2019
TMS 1763,https://www.youtube.com/watch?v=vUBlHjJA-6M,7 Aug 2019
TMSPM 1765,https://www.youtube.com/watch?v=0OEs7fTgZGo,9 Aug 2019
TMS 1767,https://www.youtube.com/watch?v=T1ZnKV0RBWQ,14 Aug 2019
TMS 1768,https://www.youtube.com/watch?v=_UQo09sj_vc,15 Aug 2019
TMS 1771,https://www.youtube.com/watch?v=-h8NsIAzAJ4,20 Aug 2019
TMS 1772,https://www.youtube.com/watch?v=x6kR2rsBfwc,21 Aug 2019
TMS 1773,https://www.youtube.com/watch?v=7l4Pgq0WzLA,22 Aug 2019
TMS 1774,https://www.youtube.com/watch?v=G4GRK8U-jSc,26 Aug 2019
TMS 1776,https://www.youtube.com/watch?v=h3kS0QhRhTs,28 Aug 2019
TMS 1777,https://www.youtube.com/watch?v=FKBobbjXyAs,29 Aug 2019
TMSPM 1778,https://www.youtube.com/watch?v=Xc7QBoxNTUg,30 Aug 2019
TMS 1780,https://www.youtube.com/watch?v=ib87pf04j3Q,4 Sept 2019
TMS 1781,https://www.youtube.com/watch?v=IVtyyAI95vQ,5 Sept 2019
TMS 1784,https://www.youtube.com/watch?v=cpK9s43Ps_U,10 Sept 201
TMS 1785,https://www.youtube.com/watch?v=p3z5RTTAPJw,11 Sept 201
TMS 1786,https://www.youtube.com/watch?v=8C5ABHqQur8,12 Sept 201
TMSPM 1787,https://www.youtube.com/watch?v=Yljk_K-_09I,14 Sept 201
TMS 1788,https://www.youtube.com/watch?v=O35Q5txlv5s,16 Sept 201
TMS 1790,https://www.youtube.com/watch?v=ff6bd3cUdm8,18 Sept 201
TMS 1792,https://www.youtube.com/watch?v=KU3Sd9n6kHM,20 Sept 201
TMS 1793,https://www.youtube.com/watch?v=r2B3PcfBGdA,23 Sept 201
TMS 1794,https://www.youtube.com/watch?v=b4N5mBVNOCw,24 Sept 201
TMS 1795,https://www.youtube.com/watch?v=NOYRyWRPYdU,25 Sept 201
TMS 1796,https://www.youtube.com/watch?v=jcPa9ucbXHI,26 Sept 201
TMS 1798,https://www.youtube.com/watch?v=MJQ7KqYQg3w,1 Oct 2019
TMS 1799,https://www.youtube.com/watch?v=SRK_LLxc_G0,2 Oct 2019
TMSPM 1801,https://www.youtube.com/watch?v=knyYeguCX1I,4 Oct 2019
TMS 1802,https://www.youtube.com/watch?v=EupVP2__l-0,7 Oct 2019
TMS 1804,https://www.youtube.com/watch?v=Y75nyt_VIfY,9 Oct 2019
TMSPM 1806,https://www.youtube.com/watch?v=Wt4Q9d8nO8M,11 Oct 2019
TMS 1810,https://www.youtube.com/watch?v=A_qt9OTskd0,17 Oct 2019
TMSPM 1811,https://www.youtube.com/watch?v=MgTYZ6J4eXs,18 Oct 2019
TMS 1812,https://www.youtube.com/watch?v=2k_U_tQjT38,21 Oct 2019
TMS 1815,https://www.youtube.com/watch?v=Wrlj-SvsTUM,24 Oct 2019
TMS PM 1816,https://www.youtube.com/watch?v=X_kg1BHyk2I,27 Oct 2019
TMS 1817,https://www.youtube.com/watch?v=VnZYn1XxMF0,28 Oct 2019
TMS 1818,https://www.youtube.com/watch?v=jj6C6kR2vC4,29 Oct 2019
TMS 1819,https://www.youtube.com/watch?v=sEIHNoQf6wA,31 Oct 2019
TMSPM 1820,https://www.youtube.com/watch?v=EHHkQq6WGvY,4 Nov 2019
TMS 1823,https://www.youtube.com/watch?v=IAICkpMlBXA,7 Nov 2019
TMS 1825,https://www.youtube.com/watch?v=WUelqRy9flw,12 Nov 2019
TMS 1826,https://www.youtube.com/watch?v=9k8PC1Kenec,13 Nov 2019
TMS 1827,https://www.youtube.com/watch?v=WfvAg8vtldU,14 Nov 2019
TMSPM 1828,https://www.youtube.com/watch?v=NhgXGwcwnBM,15 Nov 2019
TMS 1830,https://www.youtube.com/watch?v=E7FdIWY2Pt8,19 Nov 2019
TMS 1832,https://www.youtube.com/watch?v=_G4VoDbvWXA,21 Nov 2019
TMS PM 1833,https://www.youtube.com/watch?v=L5c6287T7uw,22 Nov 2019
TMS 1835,https://www.youtube.com/watch?v=1FlhUURpJGc,26 Nov 2019
TMS 1836,https://www.youtube.com/watch?v=EmtILpyYI5Q,27 Nov 2019
TMS 1837,https://www.youtube.com/watch?v=vMVz09CkJ0w,2 Dec 2019
TMS 1838,https://www.youtube.com/watch?v=WXOh-e7BOdc,3 Dec 2019
TMS 1840,https://www.youtube.com/watch?v=veFsiGMUDpM,5 Dec 2019
TMS 1841,https://www.youtube.com/watch?v=sK1yvq_AJRQ,8 Dec 2019
TMS 1842,https://www.youtube.com/watch?v=Bku3dvrYfRY,9 Dec 2019
TMS 1845,https://www.youtube.com/watch?v=pRMRxXrrX-A,12 Dec 2019
TMSPM 1846,https://www.youtube.com/watch?v=TJMCFVFxGAE,13 Dec 2019
TMS 1848,https://www.youtube.com/watch?v=Xsh_SKK4wxY,19 Dec 2019
TMS PM 1849,https://www.youtube.com/watch?v=owG5-1cy0YY,20 Dec 2019
TMS 1850,https://www.youtube.com/watch?v=4C6yIGzssDE,23 Dec 2019
TMS 1851,https://www.youtube.com/watch?v=MAs3sDPRnRQ,30 Dec 2019
TMS 1852,https://www.youtube.com/watch?v=5spdm5ZJjUA,31 Dec 2019
TMS 1853,https://www.youtube.com/watch?v=TR7xQOCaSjw,2 Jan 2020
tms pm 1854,https://www.youtube.com/watch?v=LWC4oDDgAqo,3 Jan 2020
TMS 1855,https://www.youtube.com/watch?v=CMM62X43epA,6 Jan 2020
TMS 1856,https://www.youtube.com/watch?v=5Skj2fD-RNc,7 Jan 2020
TMS 1857,https://www.youtube.com/watch?v=V9nBVYyxwlk,8 Jan 2020
TMS 1858,https://www.youtube.com/watch?v=xs1y3ZXoBmo,23 Jan 2020
TMS 1859,https://www.youtube.com/watch?v=pJINzkj5h7U,23 Jan 2020
TMS 1861,https://www.youtube.com/watch?v=pq-maa7qQJ0,23 Jan 2020
TMS 1862,https://www.youtube.com/watch?v=EjYDwgZ8P9c,23 Jan 2020
TMS PM 1863,https://www.youtube.com/watch?v=-peWsr4hf60,23 Jan 2020
TMS 1864,https://www.youtube.com/watch?v=xCOrffmp3Vg,23 Jan 2020
TMS 1865,https://www.youtube.com/watch?v=-o8XRSNlxyo,23 Jan 2020
TMS 1866,https://www.youtube.com/watch?v=w0fsD7CuobM,23 Jan 2020
TMS 1868: The Morning Stream: Is that still on?,https://www.youtube.com/watch?v=H9eJ-CfsQbw,27 Jan 2020
TMS 1869: The Cheapest Thing You Can Do In Vegas,https://www.youtube.com/watch?v=Bubqjf4y2Zw,29 Jan 2020
TMS 1870: Finger it to Loop it,https://www.youtube.com/watch?v=8SxLcbyMaEs,30 Jan 2020
TMS 1873: There's No L In Bolth,https://www.youtube.com/watch?v=PCIbikDeX9s,5 Feb 2020
TMS 1875: ASCII your Doctor,https://www.youtube.com/watch?v=4OuI8zVbBPk,10 Feb 2020
"TMS 1876: Pete-O, Like Neat-O!",https://www.youtube.com/watch?v=vdVaGeg_bJE,11 Feb 2020
TMS 1877: Strafanger Danger,https://www.youtube.com/watch?v=aqtLNtAMrYg,12 Feb 2020
TMS 1878,https://www.youtube.com/watch?v=sxLTrDkdc-w,13 Feb 2020
TMS 1879,https://www.youtube.com/watch?v=RkF5FmRxBKc,17 Feb 2020
TMS 1880,https://www.youtube.com/watch?v=VnY06KsfM4Y,18 Feb 2020
TMS 1883,https://www.youtube.com/watch?v=optHPf2-ids,24 Feb 2020
TMS 1885,https://www.youtube.com/watch?v=rfhYz69siTg,26 Feb 2020
TMS 1886,https://www.youtube.com/watch?v=f5GFBdVo2-I,27 Feb 2020
TMS 1887,https://www.youtube.com/watch?v=keQpubvPh-o,2 Mar 2020
TMS 1888,https://www.youtube.com/watch?v=JWfUHG1ULdg,3 Mar 2020
TMS 1889,https://www.youtube.com/watch?v=aRQLwB3vsYw,4 Mar 2020
TMS 1890,https://www.youtube.com/watch?v=kOCT3nKIVn4,5 Mar 2020
TMS 1891,https://www.youtube.com/watch?v=u7y26vJhbbE,9 Mar 2020
TMS 1892,https://www.youtube.com/watch?v=fn4poyXsI1s,10 Mar 2020
TMS 1893,https://www.youtube.com/watch?v=7Tc0T8ERkpE,11 Mar 2020
TMS 1894,https://www.youtube.com/watch?v=BxFLmneW9eM,12 Mar 2020
TMS 1895,https://www.youtube.com/watch?v=pescSROhPR8,16 Mar 2020
TMS 1896,https://www.youtube.com/watch?v=XEu54IDlM3E,17 Mar 2020
TMS 1897,https://www.youtube.com/watch?v=dM89ZKYGb0Y,19 Mar 2020
TMS 1898,https://www.youtube.com/watch?v=LuRNlEHLiQY,23 Mar 2020
TMS 1899,https://www.youtube.com/watch?v=l4L7cltvpCY,24 Mar 2020
TMS 1900,https://www.youtube.com/watch?v=RrUsCItReso,25 Mar 2020
TMS 1901,https://www.youtube.com/watch?v=0gtK4USh8qg,29 Mar 2020
TMS 1902,https://www.youtube.com/watch?v=KKMdLmO6kUs,30 Mar 2020
TMS 1903,https://www.youtube.com/watch?v=5G78BVNzi4k,31 Mar 2020
TMS 1904,https://www.youtube.com/watch?v=QWyBbOJkJdw,1 Apr 2020
TMS 1905,https://www.youtube.com/watch?v=NfORxfUdrtI,2 Apr 2020
TMS 1906,https://www.youtube.com/watch?v=Z4-FF7OfnKg,6 Apr 2020
TMS 1907,https://www.youtube.com/watch?v=ldfLtKmLseE,7 Apr 2020
TMS 1909,https://www.youtube.com/watch?v=qeqanDFkTgo,9 Apr 2020
TMS 1911 - SORRY AUDIO ONLY IN THIS ONE. Had a corrupt video file.,https://www.youtube.com/watch?v=QtR7IDjXBFg,14 Apr 2020
TMS 1912,https://www.youtube.com/watch?v=NaL45qq9gL0,15 Apr 2020
TMS 1914,https://www.youtube.com/watch?v=ptw-ZOiLr8U,20 Apr 2020
TMS 1915,https://www.youtube.com/watch?v=apI2aBWmOvs,21 Apr 2020
TMS 1917,https://www.youtube.com/watch?v=25NCbDQr7eE,23 Apr 2020
TMS 1918,https://www.youtube.com/watch?v=b6DyDat0pBo,27 Apr 2020
TMS 1920,https://www.youtube.com/watch?v=Qz3Hk4OCNQI,29 Apr 2020
TMS 1922,https://www.youtube.com/watch?v=pv6wT3x7ap8,4 May 2020
TMS 1923,https://www.youtube.com/watch?v=P5Psy4QwTpA,5 May 2020
TMS 1924,https://www.youtube.com/watch?v=nEQ2ldydXWc,6 May 2020
The Morning Stream 1926,https://www.youtube.com/watch?v=XYqAhTqMASk,11 May 2020
The Morning Stream 1927,https://www.youtube.com/watch?v=aoa460Tj-EY,12 May 2020
The Morning Stream 1928,https://www.youtube.com/watch?v=pmTZH5vQr5k,13 May 2020
The Morning Stream 1929,https://www.youtube.com/watch?v=FBrlokqVf3g,14 May 2020
The Morning Stream 1930,https://www.youtube.com/watch?v=r_cnO4s1-G4,18 May 2020
The Morning Stream 1931,https://www.youtube.com/watch?v=79kPxuZJRjA,20 May 2020
The Morning Stream 1932,https://www.youtube.com/watch?v=-Rf6vfChezk,21 May 2020
The Morning Stream 1933,https://www.youtube.com/watch?v=iAmRCLLARgk,26 May 2020
The Morning Stream 1934,https://www.youtube.com/watch?v=jh3d3RGqZDU,27 May 2020
The Morning Stream 1935,https://www.youtube.com/watch?v=3m3k047mqXM,28 May 2020
The Morning Stream 1936,https://www.youtube.com/watch?v=EJ5JaBX2rzs,1 Jun 2020
The Morning Stream 1937,https://www.youtube.com/watch?v=2qBbol0snyg,2 Jun 2020
The Morning Stream 1938,https://www.youtube.com/watch?v=kGrrCBMhEe4,3 Jun 2020
The Morning Stream 1939,https://www.youtube.com/watch?v=BxfPbcFfnfQ,4 Jun 2020
The Morning Stream 1940,https://www.youtube.com/watch?v=FKQvs7Lu44w,9 Jun 2020
The Morning Stream 1941,https://www.youtube.com/watch?v=X4kultqrntA,10 Jun 2020
The Morning Stream 1942,https://www.youtube.com/watch?v=zpzvwCx00Bo,11 Jun 2020
The Morning Stream 1943,https://www.youtube.com/watch?v=OUWBmYvw--U,15 Jun 2020
The Morning Stream 1944,https://www.youtube.com/watch?v=Sz7s04R_VTI,16 Jun 2020
The Morning Stream 1945,https://www.youtube.com/watch?v=j1Q0dDRc43s,17 Jun 2020
The Morning Stream 1946,https://www.youtube.com/watch?v=fYd-P3oXhWg,19 Jun 2020
The Morning Stream 1947,https://www.youtube.com/watch?v=Ola4Ka_NEpQ,22 Jun 2020
The Morning Stream 1948,https://www.youtube.com/watch?v=yAYZhKSOvdY,23 Jun 2020
The Morning Stream 1949,https://www.youtube.com/watch?v=evzjE4QdyNQ,24 Jun 2020
The Morning Stream 1951,https://www.youtube.com/watch?v=FCXkI1a75lc,29 Jun 2020
The Morning Stream 1952,https://www.youtube.com/watch?v=Jtr0b_z2d2c,30 Jun 2020
The Morning Stream 1953,https://www.youtube.com/watch?v=s2zTlVEvdJE,1 Jul 2020
The Morning Stream 1954,https://www.youtube.com/watch?v=G5GgT_KxqZw,2 Jul 2020
The Morning Stream 1955 (repost),https://www.youtube.com/watch?v=Kp3JvTnua0g,8 Jul 2020
The Morning Stream 1956,https://www.youtube.com/watch?v=6oH0WI2ufoM,7 Jul 2020
The Morning Stream 1957,https://www.youtube.com/watch?v=TQ7zKKU8a3U,9 Jul 2020
The Morning Stream 1958,https://www.youtube.com/watch?v=7ZJII-NC9MI,13 Jul 2020
The Morning Stream 1959,https://www.youtube.com/watch?v=9ldCikqYvMo,14 Jul 2020
The Morning Stream 1960,https://www.youtube.com/watch?v=hv_cSGQ_MSk,15 Jul 2020
The Morning Stream 1961,https://www.youtube.com/watch?v=SDbytyYtJxk,16 Jul 2020
The Morning Stream 1962,https://www.youtube.com/watch?v=22Y06kqCJ0s,20 Jul 2020
The Morning Stream 1963,https://www.youtube.com/watch?v=HtnyQGEvxqA,21 Jul 2020
The Morning Stream 1964,https://www.youtube.com/watch?v=NaIR9Vh69mk,22 Jul 2020
The Morning Stream 1965,https://www.youtube.com/watch?v=2RCIvlIorEI,23 Jul 2020
The Morning Stream 1966,https://www.youtube.com/watch?v=9EcsQAdZ1OA,27 Jul 2020
The Morning Stream 1967,https://www.youtube.com/watch?v=pHHmR_-5Vhs,28 Jul 2020
The Morning Stream 1968,https://www.youtube.com/watch?v=H3kwAlRTAM4,29 Jul 2020
The Morning Stream 1969,https://www.youtube.com/watch?v=P6olkb-qf7E,30 Jul 2020
The Morning Stream 1970,https://www.youtube.com/watch?v=CdSfqQ3bKeo,3 Aug 2020
The Morning Stream 1971,https://www.youtube.com/watch?v=I25Jw5FN3W8,4 Aug 2020
The Morning Stream 1972,https://www.youtube.com/watch?v=NnrtmkJpEpg,5 Aug 2020
The Morning Stream 1973,https://www.youtube.com/watch?v=CJtVbrsX1Jk,10 Aug 2020
The Morning Stream 1974,https://www.youtube.com/watch?v=4xuWbhG3z5Y,11 Aug 2020
The Morning Stream 1975,https://www.youtube.com/watch?v=tyE64aSCbOI,12 Aug 2020
The Morning Stream 1976,https://www.youtube.com/watch?v=qUrY4V-HnF0,14 Aug 2020
The Morning Stream 1977,https://www.youtube.com/watch?v=B3H_H3IyhDU,24 Aug 2020
The Morning Stream 1978,https://www.youtube.com/watch?v=0Xl-D2D3IRw,25 Aug 2020
The Morning Stream 1979,https://www.youtube.com/watch?v=sFeRSbjKnXY,26 Aug 2020
Sound on. I demand it. (From the 1980 'Alligator'),https://www.youtube.com/watch?v=cOqY8nEFxBI,25 Sept 202
The Morning Stream 1981,https://www.youtube.com/watch?v=LgtdBwSBuwA,31 Aug 2020
The Morning Stream 1982,https://www.youtube.com/watch?v=d1Mf4_u6GXc,1 Sept 2020
The Morning Stream 1983,https://www.youtube.com/watch?v=Tw-TQhCPNd8,2 Sept 2020
The Morning Stream 1984,https://www.youtube.com/watch?v=IQOLY9XpJo8,3 Sept 2020
The Morning Stream 1985,https://www.youtube.com/watch?v=il9d4agVj78,8 Sept 2020
The Morning Stream 1986,https://www.youtube.com/watch?v=56WyrTcZOJw,9 Sept 2020
The Morning Stream 1987,https://www.youtube.com/watch?v=NF9nJnF7UV8,10 Sept 202
The Morning Stream 1988,https://www.youtube.com/watch?v=EnvVBQ7SEMg,14 Sept 202
The Morning Stream 1989,https://www.youtube.com/watch?v=Vfp5psjFtJU,15 Sept 202
The Morning Stream 1990,https://www.youtube.com/watch?v=JwKgWKSnCAY,17 Sept 202
The Morning Stream 1991,https://www.youtube.com/watch?v=QwUcl-sSxMg,21 Sept 202
The Morning Stream 1992,https://www.youtube.com/watch?v=2TUIfke7qcQ,22 Sept 202
The Morning Stream 1993,https://www.youtube.com/watch?v=_EYcXlChG6I,23 Sept 202
The Morning Stream 1994,https://www.youtube.com/watch?v=bKo4nxGC0bw,24 Sept 202
PLAY RETRO 21: The 1995 PSX Launch Lineup!,https://www.youtube.com/watch?v=Vsc9a-49M48,1 Jun 2022
The Morning Stream 1996,https://www.youtube.com/watch?v=SsF9YfYq8sA,29 Sept 202
The Morning Stream 1997,https://www.youtube.com/watch?v=NfLNQCLtM-A,30 Sept 202
The Morning Stream 1998,https://www.youtube.com/watch?v=HyPsxhFO0gU,1 Oct 2020
The Morning Stream 1999,https://www.youtube.com/watch?v=ojtaD8_TqtM,5 Oct 2020
The Morning Stream 2000,https://www.youtube.com/watch?v=5COLyqDnc48,6 Oct 2020
The Morning Stream 2001,https://www.youtube.com/watch?v=iIu_WTm3FIw,7 Oct 2020
The Morning Stream 2002,https://www.youtube.com/watch?v=IaiEzE2AU1o,8 Oct 2020
The Morning Stream 2003,https://www.youtube.com/watch?v=fcyUO7khBw0,12 Oct 2020
Major UT2004 fail & death,https://www.youtube.com/watch?v=vZL8NWcH-nA,17 Mar 2012
The Morning Stream 2005 Fixed,https://www.youtube.com/watch?v=5J_Ixj2pjqQ,14 Oct 2020
The Morning Stream 2006,https://www.youtube.com/watch?v=HEL4sOcG8yU,15 Oct 2020
The Morning Stream 2007,https://www.youtube.com/watch?v=gihXtwXx1iY,19 Oct 2020
The Morning Stream 2008,https://www.youtube.com/watch?v=FAZ0DCQ8jqo,20 Oct 2020
The Morning Stream 2009,https://www.youtube.com/watch?v=doZjg-F8ZqA,21 Oct 2020
Film Sack,,Was NaN
The Nerdtacular 2011 Game Show!,https://www.youtube.com/watch?v=RfrNk7vCTA8,22 Jun 2011
John Anealio - George R.R. Martin is not your bitch! (Nerdtacular 2012),https://www.youtube.com/watch?v=4H0hRTGfVfA,16 Sept 201
A peek at the Nerdtacular 2013 site in Snowbird Utah,https://www.youtube.com/watch?v=YJe5aSpCKnw,20 Apr 2013
Nerdtacular 2014 - What we know so far,https://www.youtube.com/watch?v=drr4khI03rk,16 Feb 2014
"Nerdtacular 2015 happened, and here's video proof!",https://www.youtube.com/watch?v=EFhc0rUUst8,16 Sept 201
Experience Points for January 2nd 2016,https://www.youtube.com/watch?v=Vf5BL3Nxd6A,2 Jan 2016
Dad Daughter Doodle Day 1-30-2017,https://www.youtube.com/watch?v=moWlMJxHuLk,30 Jan 2017
The Morning Stream 2018,https://www.youtube.com/watch?v=xIqRGU95oEw,6 Nov 2020
E3 Bethesda 2019,https://www.youtube.com/watch?v=AYH0JW_0_Gs,9 Jun 2019
"May 28, 2021",https://www.youtube.com/watch?v=BVMgy15ID4E,28 May 2021
"September 23, 2022",https://www.youtube.com/watch?v=imc0RRnC_RQ,23 Sept 202
"December 22, 2023",https://www.youtube.com/watch?v=0y8QXBkscA0,27 Dec 2023
"September 25, 2024",https://www.youtube.com/watch?v=EAToWclSnFk,25 Sept 202
The Morning Stream 2025,https://www.youtube.com/watch?v=h8udLsfjV94,25 Nov 2020
The Morning Stream 2027,https://www.youtube.com/watch?v=vxs3yA8_JF4,1 Dec 2020
The Morning Stream 2028,https://www.youtube.com/watch?v=ZBoPdy739Xg,2 Dec 2020
The Morning Stream 2029,https://www.youtube.com/watch?v=8pqTpQRuOss,3 Dec 2020
The Morning Stream 2030,https://www.youtube.com/watch?v=qk5MSmeTfVU,7 Dec 2020
The Morning Stream 2031,https://www.youtube.com/watch?v=iDX7qYq3eeQ,8 Dec 2020
The Morning Stream 2032,https://www.youtube.com/watch?v=Usj5YdhkTM8,9 Dec 2020
The Morning Stream 2033,https://www.youtube.com/watch?v=YimtUzTU-mg,10 Dec 2020
The Morning Stream 2034,https://www.youtube.com/watch?v=HAgSK4G9BoY,14 Dec 2020
The Morning Stream 2035,https://www.youtube.com/watch?v=M526Oow6tnw,15 Dec 2020
The Morning Stream 2036,https://www.youtube.com/watch?v=rIgQ5pK5ykw,16 Dec 2020
The Morning Stream 2037,https://www.youtube.com/watch?v=-Sshl9VwvLk,17 Dec 2020
The Morning Stream 2038,https://www.youtube.com/watch?v=TwzL1BbvmME,21 Dec 2020
The Morning Stream 2039,https://www.youtube.com/watch?v=bbkwy1PP1sE,22 Dec 2020
The Morning Stream 2040,https://www.youtube.com/watch?v=KXJ0UToznxg,23 Dec 2020
The Morning Stream 2041,https://www.youtube.com/watch?v=-N50PGt3OTk,28 Dec 2020
The Morning Stream 2042,https://www.youtube.com/watch?v=tMqJMwdKb4g,29 Dec 2020
The Morning Stream 2043,https://www.youtube.com/watch?v=S_zQzfLvkik,30 Dec 2020
The Morning Stream 2044,https://www.youtube.com/watch?v=N8eZNKuaepU,4 Jan 2021
The Morning Stream 2045,https://www.youtube.com/watch?v=uutM_5kTNKI,5 Jan 2021
The Morning Stream 2046,https://www.youtube.com/watch?v=2qR0lU5nrrY,6 Jan 2021
The Morning Stream 2047,https://www.youtube.com/watch?v=JehIwwmZO98,7 Jan 2021
The Morning Stream 2048,https://www.youtube.com/watch?v=OTKOV8Tx7vE,11 Jan 2021
Fun Fact: Same Guy #movies #bladerunner #2049 #teenwolf,https://www.youtube.com/watch?v=qrnrkul-82A,1 Apr 2024
The Morning Stream 2050,https://www.youtube.com/watch?v=YhXP3mIUAHU,13 Jan 2021
The Morning Stream 2051,https://www.youtube.com/watch?v=z-grPwM87G8,14 Jan 2021
The Morning Stream 2052,https://www.youtube.com/watch?v=DQKJd6i1KHM,18 Jan 2021
The Morning Stream 2053,https://www.youtube.com/watch?v=NC6emmm6XAs,19 Jan 2021
The Morning Stream 2054,https://www.youtube.com/watch?v=N5kfFGOoSeU,20 Jan 2021
The Morning Stream 2055,https://www.youtube.com/watch?v=qOaGqVyi8GU,21 Jan 2021
The Morning Stream 2056,https://www.youtube.com/watch?v=36IX84wSSR8,25 Jan 2021
The Morning Stream 2057,https://www.youtube.com/watch?v=pOWUV1lDt-I,26 Jan 2021
The Morning Stream 2058,https://www.youtube.com/watch?v=_qTlS53UxCg,27 Jan 2021
The Morning Stream 2059,https://www.youtube.com/watch?v=Bhpia98JSWY,28 Jan 2021
The Morning Stream 2060,https://www.youtube.com/watch?v=L1y_wbYsM4Y,1 Feb 2021
The Morning Stream 2061,https://www.youtube.com/watch?v=-p4JjEpUujY,3 Feb 2021
The Morning Stream 2062,https://www.youtube.com/watch?v=kUos3p3vCow,4 Feb 2021
The Morning Stream 2063,https://www.youtube.com/watch?v=Mpe5igemF4U,8 Feb 2021
The Morning Stream 2064,https://www.youtube.com/watch?v=5i0wUpB0K5M,10 Feb 2021
The Morning Stream 2065,https://www.youtube.com/watch?v=jvqEd2laK5o,10 Feb 2021
The Morning Stream 2066,https://www.youtube.com/watch?v=yQabUbVk1Tw,11 Feb 2021
The Morning Stream 2067,https://www.youtube.com/watch?v=NI2V2DbFrXs,15 Feb 2021
The Morning Stream 2068,https://www.youtube.com/watch?v=oFAQvd1pSOk,16 Feb 2021
The Morning Stream 2069,https://www.youtube.com/watch?v=BanflvyxTpQ,17 Feb 2021
The Morning Stream 2070,https://www.youtube.com/watch?v=bUn7EVl-9rA,18 Feb 2021
The Morning Stream 2071,https://www.youtube.com/watch?v=VKUcx44JaOY,22 Feb 2021
The Morning Stream 2072,https://www.youtube.com/watch?v=nj0_5A_q7As,23 Feb 2021
The Morning Stream 2073,https://www.youtube.com/watch?v=ycHi7yZ_Gyo,24 Feb 2021
The Morning Stream 2074,https://www.youtube.com/watch?v=kXR5f7BbdlM,25 Feb 2021
The Morning Stream 2075,https://www.youtube.com/watch?v=z1v61_oWuGg,1 Mar 2021
The Morning Stream 2076,https://www.youtube.com/watch?v=_FOJ_RULpi4,3 Mar 2021
This did not go to plan. #cyberpunk2077 #gaming,https://www.youtube.com/watch?v=XNiViTUlIxA,27 Mar 2024
The Morning Stream 2078,https://www.youtube.com/watch?v=-qceILY9wkU,8 Mar 2021
The Morning Stream 2079,https://www.youtube.com/watch?v=HiQ4B1D5xws,9 Mar 2021
The Morning Stream 2080,https://www.youtube.com/watch?v=ClJhFG4IpUc,10 Mar 2021
The Morning Stream 2081,https://www.youtube.com/watch?v=IwUxXJlEwks,11 Mar 2021
The Morning Stream 2082,https://www.youtube.com/watch?v=VHEcfrRN7Ig,15 Mar 2021
The Morning Stream 2083,https://www.youtube.com/watch?v=cad54WYBWXA,16 Mar 2021
The Morning Stream 2084,https://www.youtube.com/watch?v=JNoGVgpxnQ8,17 Mar 2021
The Morning Stream 2085,https://www.youtube.com/watch?v=Fei0_RS0YHQ,18 Mar 2021
The Morning Stream 2086,https://www.youtube.com/watch?v=kUDo_ayHm3k,22 Mar 2021
The Morning Stream 2087,https://www.youtube.com/watch?v=s2tgajV3r0g,24 Mar 2021
The Morning Stream 2088,https://www.youtube.com/watch?v=KH9TX6Zah34,25 Mar 2021
The Morning Stream 2089,https://www.youtube.com/watch?v=TUCRi1gGstQ,30 Mar 2021
The Morning Stream 2090,https://www.youtube.com/watch?v=F-TtsyVtt4U,30 Mar 2021
TMS 2091,https://www.youtube.com/watch?v=r3JUu8QpHto,31 Mar 2021
The Morning Stream 2092,https://www.youtube.com/watch?v=HSGDlb2LsN4,1 Apr 2021
The Morning Stream 2093,https://www.youtube.com/watch?v=YOm1GRLp8e8,5 Apr 2021
The Morning Stream 2094,https://www.youtube.com/watch?v=AWsp5JJWAiU,6 Apr 2021
The Morning Stream 2095,https://www.youtube.com/watch?v=4YLrlauJl-s,7 Apr 2021
The Morning Stream 2096,https://www.youtube.com/watch?v=2wdc9u7PAEk,12 Apr 2021
The Morning Stream 2097,https://www.youtube.com/watch?v=NZnG8Qk-jgw,13 Apr 2021
The Morning Stream 2098,https://www.youtube.com/watch?v=jW2B1EuRnHY,14 Apr 2021
The Morning Stream 2099,https://www.youtube.com/watch?v=FT7ihh5owaA,16 Apr 2021
The Morning Stream 2101,https://www.youtube.com/watch?v=T-RDovgz6nw,21 Apr 2021
TMS 2102: Katherine Heprin,https://www.youtube.com/watch?v=k4CWLcAel8c,22 Apr 2021
The Morning Stream 2103,https://www.youtube.com/watch?v=k7rV5iR4ZQI,26 Apr 2021
TMS 2104: Jeff's Kiss!,https://www.youtube.com/watch?v=ykEJ_rcEOP0,27 Apr 2021
The Morning Stream 2105,https://www.youtube.com/watch?v=uMTv1cnRhkw,28 Apr 2021
The Morning Stream 2106,https://www.youtube.com/watch?v=zdWRJlJwGWA,29 Apr 2021
The Morning Stream 2107,https://www.youtube.com/watch?v=WLW7aV8Nq34,3 May 2021
The Morning Stream 2108,https://www.youtube.com/watch?v=PWMZNfNK8no,4 May 2021
TMS 2109: Glape Suzette,https://www.youtube.com/watch?v=mn6q5r1nt4A,5 May 2021
The Morning Stream 2110,https://www.youtube.com/watch?v=ElgjSQwCvvQ,6 May 2021
The Morning Stream 2111,https://www.youtube.com/watch?v=tNWNMrwej9M,10 May 2021
The Morning Stream 2112,https://www.youtube.com/watch?v=H-d4u9oJPmM,11 May 2021
The Morning Stream 2113,https://www.youtube.com/watch?v=Cn56Px0LND0,12 May 2021
The Morning Stream 2114,https://www.youtube.com/watch?v=GLJZbb5aJHM,13 May 2021
The Morning Stream 2115,https://www.youtube.com/watch?v=6Ir4N-6LeGA,17 May 2021
The Morning Stream 2116,https://www.youtube.com/watch?v=HugnqHJflh4,18 May 2021
The Morning Stream 2117,https://www.youtube.com/watch?v=Rp9fRDaEhJE,19 May 2021
The Morning Stream 2118,https://www.youtube.com/watch?v=beR4l7_u0SE,24 May 2021
The Morning Stream 2119,https://www.youtube.com/watch?v=UGLdi0oPhPQ,25 May 2021
The Morning Stream 2120,https://www.youtube.com/watch?v=bDoXTI01pn8,27 May 2021
The Morning Stream 2121,https://www.youtube.com/watch?v=0ojhbiGhzmg,27 May 2021
The Morning Stream 2122,https://www.youtube.com/watch?v=UuQCYCyH2o4,1 Jun 2021
The Morning Stream 2123,https://www.youtube.com/watch?v=buGU-qnHlqw,2 Jun 2021
The Morning Stream 2124,https://www.youtube.com/watch?v=Vl9U_JrwyG8,3 Jun 2021
The Morning Stream 2125,https://www.youtube.com/watch?v=7gtG6qiQDak,7 Jun 2021
The Morning Stream 2126,https://www.youtube.com/watch?v=pjd5_YrAuio,8 Jun 2021
The Morning Stream 2127,https://www.youtube.com/watch?v=kIikdpWQ37o,10 Jun 2021
The Morning Stream 2128,https://www.youtube.com/watch?v=i8bhbKne_1A,10 Jun 2021
The Morning Stream 2129,https://www.youtube.com/watch?v=cMpbZ3AO-qs,14 Jun 2021
The Morning Stream 2130,https://www.youtube.com/watch?v=0GgJpZ1pxSI,15 Jun 2021
The Morning Stream 2131,https://www.youtube.com/watch?v=vWL1zn3_Tnc,16 Jun 2021
The Morning Stream 2132,https://www.youtube.com/watch?v=8D-nxWT1b2k,21 Jun 2021
The Morning Stream 2133,https://www.youtube.com/watch?v=YkVDMUtGuGQ,22 Jun 2021
The Morning Stream 2134,https://www.youtube.com/watch?v=OrbtEfgw_dw,23 Jun 2021
The Morning Stream 2135,https://www.youtube.com/watch?v=znax9jS1k5k,24 Jun 2021
TMS 2136: Don't Tickle Your Rat,https://www.youtube.com/watch?v=mxq1CyCkJYw,28 Jun 2021
The Morning Stream 2137,https://www.youtube.com/watch?v=X9UwiCy7cvw,30 Jun 2021
The Morning Stream 2138,https://www.youtube.com/watch?v=LYIph8t2Zqw,5 Jul 2021
The Morning Stream 2139,https://www.youtube.com/watch?v=O6WA7RHZ6rg,6 Jul 2021
The Morning Stream 2140,https://www.youtube.com/watch?v=TQ7OFwASuW0,7 Jul 2021
The Morning Stream 2141,https://www.youtube.com/watch?v=QONvNaxaQ58,8 Jul 2021
TMS 2142: Pig Wrecked em,https://www.youtube.com/watch?v=dKPlil4Rtko,13 Jul 2021
The Morning Stream 2143,https://www.youtube.com/watch?v=G8MJi-zjbBU,14 Jul 2021
TMS 2144: let’s do X together,https://www.youtube.com/watch?v=wE9gTsQQv1Q,15 Jul 2021
TMS 2145: The Venus de Nipple,https://www.youtube.com/watch?v=9TVgUMnH_GM,19 Jul 2021
TMS 2146: 404 blood sugar not found,https://www.youtube.com/watch?v=cJw5RTmZPdc,20 Jul 2021
TMS 2147: Reverse Richard Dawson,https://www.youtube.com/watch?v=rtVA5OA3c4Q,21 Jul 2021
TMS 2148: Cookie Sticks,https://www.youtube.com/watch?v=fEJIBk7DMSE,22 Jul 2021
TMS 2149: Oppulent Lando,https://www.youtube.com/watch?v=-RawJnAXT3Y,26 Jul 2021
TMS 2150: Vaguely Lincolnish!,https://www.youtube.com/watch?v=TAEa9_l_EgU,27 Jul 2021
TMS 2151: Her Name Contains Earl,https://www.youtube.com/watch?v=knXFyoIw9oM,28 Jul 2021
TMS 2152: Grapefruit Pencil Shavings and pesticide,https://www.youtube.com/watch?v=yTzYeKYEbPg,29 Jul 2021
TMS 2153: There's A Smell And It's Not Good,https://www.youtube.com/watch?v=0nUfpwLu4ew,2 Aug 2021
TMS 2154: Full Twerkle,https://www.youtube.com/watch?v=FCMoOsr56pY,3 Aug 2021
TMS 2155: Sean Cheese,https://www.youtube.com/watch?v=g5Mzb0z-Iio,4 Aug 2021
TMS 2160: Screw you Man-eater!,https://www.youtube.com/watch?v=jz3LEgs9N5c,16 Aug 2021
"TMS 2162: She Gets a Tatu, not a Tattoo",https://www.youtube.com/watch?v=OseKI3cKht4,18 Aug 2021
TMS 2163: Send Your Emails To 2012,https://www.youtube.com/watch?v=vTWxR-LSpMg,19 Aug 2021
"TMS 2164: $5,000 Per Moron",https://www.youtube.com/watch?v=Dwr8RdDWgJE,23 Aug 2021
TMS 2166: Stabby Noodles!,https://www.youtube.com/watch?v=QYrhXxyrXVM,25 Aug 2021
TMS 2169: Battery Paranoid,https://www.youtube.com/watch?v=GY4HY2PVhdY,7 Sept 2021
TMS 2170: Happy little sex tape,https://www.youtube.com/watch?v=vZ6ym4e77tw,8 Sept 2021
TMS 2172: Gin-Swilling Firecracker,https://www.youtube.com/watch?v=wXPqIT2NThQ,13 Sept 202
TMS 2174: Taco Del Ariana Grande,https://www.youtube.com/watch?v=5dX5QKSDsyU,15 Sept 202
TMS 2178: Who's Peeing?,https://www.youtube.com/watch?v=3i-PH7DcEs4,22 Sept 202
TMS 2179: Mud Blood Hut,https://www.youtube.com/watch?v=gycdR4JK0pM,23 Sept 202
TMS 2180: Hey Mr. Tambourine Monk,https://www.youtube.com/watch?v=lkflagSGMrk,28 Sept 202
TMS 2182: Ann Hyphen Margaret.,https://www.youtube.com/watch?v=uwJM8OPU160,30 Sept 202
TMS 2183: 10-4 Wet Noodle,https://www.youtube.com/watch?v=ewdlLyJUn_w,4 Oct 2021
TMS 2184: This Podcast is SO Gross,https://www.youtube.com/watch?v=MlfkOtAhHWY,5 Oct 2021
TMS 2185: Simon & Simon & Garfunkel,https://www.youtube.com/watch?v=2IqrOAJh8pc,6 Oct 2021
TMS 2188: That Place Nose What They Are Doing.,https://www.youtube.com/watch?v=GJs0Llng4no,12 Oct 2021
TMS 2191: White People Spicy,https://www.youtube.com/watch?v=sAMdF7X-Or4,18 Oct 2021
TMS 2192: No Kibble. All Bits.,https://www.youtube.com/watch?v=GXN8nLNfNE8,20 Oct 2021
TMS 2193: Chockit Mewt!,https://www.youtube.com/watch?v=DL-cHmSdigQ,21 Oct 2021
TMS 2195: Please Cooperate Me,https://www.youtube.com/watch?v=Bzax6uG7bUk,26 Oct 2021
TMS 2196: GumLick,https://www.youtube.com/watch?v=sjmAOcOLOW4,27 Oct 2021
TMS 2201: Larger-Format Grapes,https://www.youtube.com/watch?v=OWpg7W06BIU,8 Nov 2021
TMS 2204: Such a Boney Bird,https://www.youtube.com/watch?v=xiGDfGRr14g,11 Nov 2021
"TMS 2205: What do you need, dude?",https://www.youtube.com/watch?v=PSSOcoxKKmQ,15 Nov 2021
TMS 2206: Bad Phlebotomist,https://www.youtube.com/watch?v=YlmzQxreaqU,16 Nov 2021
"The Morning Stream 2208 Part 1: Dude, you're getting Adele!",https://www.youtube.com/watch?v=bq-IbaapwJg,29 Nov 2021
TMS 2209: Fun with Tucky,https://www.youtube.com/watch?v=HzFtzEbf6aI,30 Nov 2021
"TMS 2211: Dude, where's my show?",https://www.youtube.com/watch?v=ol7I1qU5qfk,2 Dec 2021
TMS 2212: Jackson Polyp,https://www.youtube.com/watch?v=UYUWJD-EPPk,6 Dec 2021
TMS 2213: Aggressive Swabbage,https://www.youtube.com/watch?v=tjdQnE19-j8,8 Dec 2021
TMS 2214: Cusspants,https://www.youtube.com/watch?v=v3fh3vFWnyI,13 Dec 2021
TMS 2215: I Say To Thee NEIGH!!!,https://www.youtube.com/watch?v=exAwviFDBoQ,14 Dec 2021
TMS 2218: Bjork Sandler,https://www.youtube.com/watch?v=6ODJNsLaujs,21 Dec 2021
TMS 2221: Zendaya Mondatta,https://www.youtube.com/watch?v=wwDc12Zhftw,28 Dec 2021
TMS 2222: Red Matter In The Hole,https://www.youtube.com/watch?v=az7LA6ZIVf0,29 Dec 2021
TMS 2225: LikTok,https://www.youtube.com/watch?v=qoOd946BrK4,4 Jan 2022
TMS 2227: Fartrepreneur,https://www.youtube.com/watch?v=BeK0EuU_Nxw,6 Jan 2022
TMS 2228: Boba Fanta,https://www.youtube.com/watch?v=sfBCZggXKM4,10 Jan 2022
TMS 2229: YOU SHALL TACO PASS!!,https://www.youtube.com/watch?v=VQblUTCCwGU,11 Jan 2022
TMS 2230: Popcorn Zombies,https://www.youtube.com/watch?v=BbZzFeRe2cM,12 Jan 2022
TMS 2232: Peeza Hutt,https://www.youtube.com/watch?v=Wtkff_flSBk,18 Jan 2022
TMS 2233: Koi Are Carp,https://www.youtube.com/watch?v=SfSCMPpf5KM,19 Jan 2022
TMS 2234: Massive Monkey Gangs!!,https://www.youtube.com/watch?v=gdZqXnzX9p0,24 Jan 2022
TMS 2236: Governor Burps-A-Lot,https://www.youtube.com/watch?v=sj51zjl1iIc,26 Jan 2022
TMS 2239: Holy Spit!,https://www.youtube.com/watch?v=-5RUy5u5NRQ,1 Feb 2022
TMS 2240: SHOW ME FLESH!,https://www.youtube.com/watch?v=WCLaFcS4BpQ,2 Feb 2022
TMS 2245: DEMAND RICE,https://www.youtube.com/watch?v=wzUWs4i-Xd0,14 Feb 2022
TMS 2248: Hairy Ass Truman,https://www.youtube.com/watch?v=MvX9ADrvbR0,21 Feb 2022
TMS 2252: Dough-mestic Dispute,https://www.youtube.com/watch?v=sZSt9hJ62HY,28 Feb 2022
TMS 2253: Growing In the Mullet Region,https://www.youtube.com/watch?v=NI53ZY-Tjz0,1 Mar 2022
TMS 2255: Don't trust the Corn Nut,https://www.youtube.com/watch?v=VvK1BkgIDmA,3 Mar 2022
TMS 2256: The Platinum Jubbly,https://www.youtube.com/watch?v=t5ZCHVebNMs,7 Mar 2022
TMS 2259: Fight Big Snow,https://www.youtube.com/watch?v=xuTK0wEGm-I,14 Mar 2022
TMS 2261: Rank Fish,https://www.youtube.com/watch?v=pLyNKK4yOek,16 Mar 2022
TMS 2262: Down Goes the Boogery One,https://www.youtube.com/watch?v=vkKe9-SeBH4,17 Mar 2022
TMS 2263: It's Not A Tuber!,https://www.youtube.com/watch?v=8t2YTGcfvI0,21 Mar 2022
TMS 2265: It's a Go for Goo!,https://www.youtube.com/watch?v=slV1zEhs2hE,23 Mar 2022
TMS 2266: There's No Place Like Gnome,https://www.youtube.com/watch?v=YHDJpiBE_nk,24 Mar 2022
TMS 2268: Edible Luster Dust!,https://www.youtube.com/watch?v=6UsmISWxcys,29 Mar 2022
TMS 2269: Noodle Duty,https://www.youtube.com/watch?v=mnMcpq3pXPo,30 Mar 2022
TMS 2270: Wong Ratzenberger,https://www.youtube.com/watch?v=ZmAhUe0WuiI,31 Mar 2022
TMS 2271: Beets Are Made Of Farts,https://www.youtube.com/watch?v=PRwIDmdpKrA,4 Apr 2022
TMS 2273: HelloKittyPEZ?,https://www.youtube.com/watch?v=cCh2a3mS7fg,6 Apr 2022
TMS 2275: Beef Lube,https://www.youtube.com/watch?v=KxLxMBFVEr8,11 Apr 2022
TMS 2276: Chips and Nips,https://www.youtube.com/watch?v=21QhEAcekBM,12 Apr 2022
TMS 2280: Section 8 Peaches,https://www.youtube.com/watch?v=Vu1nQi6jTiE,20 Apr 2022
The Morning Stream 2281,https://www.youtube.com/watch?v=nBHYyn8iRAU,21 Apr 2022
TMS 2282: Hairless Uggs,https://www.youtube.com/watch?v=QLPgtoQX_Lo,2 May 2022
TMS 2284: Truman Show Face,https://www.youtube.com/watch?v=CelJZQXEDdo,4 May 2022
TMS 2285: Asterods Deloxe,https://www.youtube.com/watch?v=kpnpl-dJWeI,5 May 2022
The Morning Stream 2288,https://www.youtube.com/watch?v=sKLWl-wbSmE,11 May 2022
TMS 2290: Pope Fiction,https://www.youtube.com/watch?v=vrB4lavn04g,16 May 2022
TMS 2291: ShawShake Redemption,https://www.youtube.com/watch?v=RZPn0_2lIRQ,17 May 2022
TMS 2294: Han Hacked First,https://www.youtube.com/watch?v=nQGgEpS9_RI,23 May 2022
TMS 2295: Distracting Extraction,https://www.youtube.com/watch?v=5dwlge7eQHA,25 May 2022
TMS 2296: I've Seen Its Crack Part 1,https://www.youtube.com/watch?v=qzYJSj2Jk38,26 May 2022
The Morning Stream 2300,https://www.youtube.com/watch?v=kg-vsnZBkh4,6 Jun 2022
TMS 2301: Carcalepsy,https://www.youtube.com/watch?v=V3tPjqWkdhg,8 Jun 2022
TMS 2302: The Beef Chicken Ratio,https://www.youtube.com/watch?v=R5R7flA8Q4Y,9 Jun 2022
TMS 2304: Yellow Simmons,https://www.youtube.com/watch?v=X_pvMcBB2-I,14 Jun 2022
TMS 2307: Fame Monsters,https://www.youtube.com/watch?v=TGkgXO-ExWg,22 Jun 2022
TMS 2311: Swamp Water Slurpee,https://www.youtube.com/watch?v=AM4xJMpQ0OE,29 Jun 2022
TMS 2313: Whispers of the Sheep,https://www.youtube.com/watch?v=tDQogyGBz0w,5 Jul 2022
TMS 2315: Wax N Vax,https://www.youtube.com/watch?v=tWBdhC8qhnk,7 Jul 2022
TMS 2320: For why?,https://www.youtube.com/watch?v=JOUkuPV6RlQ,19 Jul 2022
TMS 2323: A Sting from Bee-Hind,https://www.youtube.com/watch?v=-2WOr1k8eSk,25 Jul 2022
TMS 2324: Burper Phone,https://www.youtube.com/watch?v=KsY1fD0Rf70,26 Jul 2022
TMS 2328: Dual Duel,https://www.youtube.com/watch?v=3NWd_T-Fw_I,3 Aug 2022
TMS 2330: Cat Bus!,https://www.youtube.com/watch?v=HC9bsRCgnZQ,8 Aug 2022
TMS 2335: Forever Moops,https://www.youtube.com/watch?v=begga-RVQ-4,16 Aug 2022
TMS 2337: Who Runs Duck Town?,https://www.youtube.com/watch?v=dcrQE067mPk,18 Aug 2022
The Morning Stream 2339 Part One,https://www.youtube.com/watch?v=AjOlBqO1vYo,23 Aug 2022
TMS 2348: Octa-Canarians,https://www.youtube.com/watch?v=rt8bOaEQF4M,15 Sept 202
TMS 2349: Welcome to Clown Town,https://www.youtube.com/watch?v=8DNCQ481RR8,19 Sept 202
TMS 2353: Taco Hell,https://www.youtube.com/watch?v=y1TfBfDrjJE,27 Sept 202
TMS 2354: Click the Monkey!,https://www.youtube.com/watch?v=6CnRuUQr-hc,28 Sept 202
TMS 2355: Cow Choke Point,https://www.youtube.com/watch?v=Chj720DP52k,30 Sept 202
TMS 2356: Explain your pants,https://www.youtube.com/watch?v=OzQ04TnW8qk,3 Oct 2022
TMS 2359: Zero points of articulation,https://www.youtube.com/watch?v=xgF5aas67L0,6 Oct 2022
TMS 2362: Chicken Fork,https://www.youtube.com/watch?v=kVBxysQVjxc,12 Oct 2022
TMS 2364: Curbside Soul Delivery,https://www.youtube.com/watch?v=6PkyW88EEAA,17 Oct 2022
TMS 2365: No One Wants Hungry Greasy Turkey,https://www.youtube.com/watch?v=AIEFlr0l3gM,18 Oct 2022
TMS 2366: Oops All Viagra,https://www.youtube.com/watch?v=V9wNO3mKHZM,19 Oct 2022
TMS 2372: Schmo?,https://www.youtube.com/watch?v=V1SU5Cfbf5I,1 Nov 2022
TMS 2380: Sopranosaurus,https://www.youtube.com/watch?v=MVmZONKzJZk,22 Nov 2022
TMS 2383: Mistakes on a Plane,https://www.youtube.com/watch?v=dDAh79yJJNM,29 Nov 2022
TMS 2391: Dingly Dangly Dongle,https://www.youtube.com/watch?v=Tsdy_oZTHJY,13 Dec 2022
TMS 2393: How chunky is the Monkey,https://www.youtube.com/watch?v=HVg6Ckg6X6E,19 Dec 2022
TMS 2395: Zamboni the Vampire,https://www.youtube.com/watch?v=YR2_jD46XAQ,21 Dec 2022
TMS 2399: Dr. Tobias Aturn,https://www.youtube.com/watch?v=kiFr6VRzp8k,29 Dec 2022
TMS 2401: Potato C.H.I.P.S.,https://www.youtube.com/watch?v=52MAYExW_CM,4 Jan 2023
TMS 2402: Bjork Irritation,https://www.youtube.com/watch?v=InmbL5J4aqI,5 Jan 2023
MS 2423: How I Met Your Matcha,https://www.youtube.com/watch?v=LrKwHf5cuY0,16 Feb 2023
TMS 2424: Cocaine Dingos,https://www.youtube.com/watch?v=W_BPTMAOHwk,20 Feb 2023
TMS 2429: Just suck em,https://www.youtube.com/watch?v=Y-co0xQoPRw,1 Mar 2023
TMS 2434: My Newt Minute,https://www.youtube.com/watch?v=SSeRVC8b3OQ,9 Mar 2023
TMS 2435: Nacho Nacho Wins!,https://www.youtube.com/watch?v=6E9VmyNbBVc,13 Mar 2023
TMS 2436: Traumatized Batman Resin Sculpture,https://www.youtube.com/watch?v=_S3jq9hiYkA,14 Mar 2023
TMS 2444: Passive Aggressive Bingo,https://www.youtube.com/watch?v=ORfb_KDSlwg,29 Mar 2023
TMS 2449: The H is Silent,https://www.youtube.com/watch?v=cUN7GLpBH9Q,6 Apr 2023
TMS 2451: Dog Spurt,https://www.youtube.com/watch?v=y-dN5p97DxI,11 Apr 2023
TMS 2558: BURMP!,https://www.youtube.com/watch?v=vF2BMI8LL_o,22 Nov 2023
