title,link
TMS 558: Pokemon!,https://www.youtube.com/watch?v=r8SZDqagrQM
TMS 569: The Animated Pope,https://www.youtube.com/watch?v=Me671znxGUk
TMSPM 580: All hail Lord Nerzook!,https://www.youtube.com/watch?v=pim9tN1mNsk
TMS 592: There are Spider Men everywhere!,https://www.youtube.com/watch?v=2Bi3bg1FMCE
TMS 605: New name for a day,https://www.youtube.com/watch?v=PEP1Fwuynzw
TMSPM 624: Crystal Metheny,https://www.youtube.com/watch?v=47_D9p-hNNk
TMSPM 632: More Dots,https://www.youtube.com/watch?v=6SZb-9Lgd-k
TMS 648: What have we here,https://www.youtube.com/watch?v=ntMnqhRl8kc
TMS 650: In Sprite of the Banana,https://www.youtube.com/watch?v=xksTHdYw09Y
TMS 654: Parking Lots & Dirty Sweden,https://www.youtube.com/watch?v=6GlN2gvBWpE
TMS 657: Knife from the sky,https://www.youtube.com/watch?v=OrL1Wc_m85A
TMS 666: The Devil Episode,https://www.youtube.com/watch?v=dT-AipzA0tk
667: Lag me a river,https://www.youtube.com/watch?v=TxCfRXOAh68
TMS 676: Bag of tiny what?,https://www.youtube.com/watch?v=d6x1-A35LP0
TMS 679: Third Man!,https://www.youtube.com/watch?v=JZWTClrRgxM
TMS 680: Gotta Get Grocer,https://www.youtube.com/watch?v=3Yoq8pR1cHY
TMS 682: Make me a third one,https://www.youtube.com/watch?v=s09IpNugc4Y
TMS 683: Figurative Nine Hours,https://www.youtube.com/watch?v=siRk8h_7Qdc
TMS 684: Butt Bend,https://www.youtube.com/watch?v=INElt0CdcvI
TMSPM 686: Beev Dawg!,https://www.youtube.com/watch?v=5nce8QCfURg
TMS 688: Showtime Jerks,https://www.youtube.com/watch?v=x-lua3U13sY
TMS 691: The Morning Show 64,https://www.youtube.com/watch?v=UnNYTx84b5g
TMS 692: Hippity-Hoppity (2),https://www.youtube.com/watch?v=1SeLXruCUHE
TMS 693: Mountain Related,https://www.youtube.com/watch?v=9p-Mw6QjEts
TMSPM 695,https://www.youtube.com/watch?v=F0dNlgOE3lk
TMS 696: Nice day to start again,https://www.youtube.com/watch?v=iVDVDiPIy8E
TMS 697: Your First Time,https://www.youtube.com/watch?v=O21wQd46A2k
TMS 698: Gimmie Gimmie,https://www.youtube.com/watch?v=wCL47Z_XQ3E
TMS 699: All these gates,https://www.youtube.com/watch?v=4dPu41CaEmw
TMS 704,https://www.youtube.com/watch?v=4yebatI91LQ
TMS 705: Near Field Miscommunication,https://www.youtube.com/watch?v=nr6qenIchQ8
TMS 707: Melt Cheese,https://www.youtube.com/watch?v=v_ILpVFrrRo
TMS 709: Fade Into Us,https://www.youtube.com/watch?v=5etjrSYOnf0
TMS 710: Done Deliberate,https://www.youtube.com/watch?v=mEEogT8k1zA
TMS 711: Pocket full of Chells,https://www.youtube.com/watch?v=EBm6ytXg2xA
TMS 714: Two Bits,https://www.youtube.com/watch?v=rJje2Gh7HrU
TMS 715: You ate my cookies!,https://www.youtube.com/watch?v=_k04qFULFBg
tms pm 716,https://www.youtube.com/watch?v=CdJ14Lj0NCM
TMS 717,https://www.youtube.com/watch?v=A2AM7S-PCcA
TMS 719: Uber Cocky,https://www.youtube.com/watch?v=GOeO04bfxGw
TMS 720,https://www.youtube.com/watch?v=I3-RCiqhEtQ
TMS 721: The Yellow Blur,https://www.youtube.com/watch?v=h9u-2UqGjP8
TMS 725: Move the Micro,https://www.youtube.com/watch?v=WK2tgkx7m5s
TMS 726: The DMV Gods,https://www.youtube.com/watch?v=UkEJVzgbBrQ
TMS 727: Pew Pew,https://www.youtube.com/watch?v=uIbm7y4WiIE
TMS 729: Imagine All The Peep Hole,https://www.youtube.com/watch?v=iOX2px4r44E
TMS 735: Cereal,https://www.youtube.com/watch?v=VvRJhWcj9uU
TMS 736: Spood Beast,https://www.youtube.com/watch?v=qt-WcT7boyw
TMS 737: Puddle of Mood,https://www.youtube.com/watch?v=lsk2l3VtZ-8
TMS 739: All about that base are belond to us,https://www.youtube.com/watch?v=uj7PAWNkypY
TMS 740,https://www.youtube.com/watch?v=H_rePLoGmVQ
TMS 741: Get off the road!,https://www.youtube.com/watch?v=qigtI-R_2zk
TMS 743,https://www.youtube.com/watch?v=9jWnrn6_IY8
tms pm 745,https://www.youtube.com/watch?v=qR-R0Ge2fXs
TMS 746: Nobody pees in the Notch pool,https://www.youtube.com/watch?v=OMy1aiAEITA
TMS 747: Genius McGenius,https://www.youtube.com/watch?v=djPaEo-mu0A
TMS 748: Closing Loopholes,https://www.youtube.com/watch?v=HhZ3dtnlKv4
TMS 749: 50 ways to leave your bubbler,https://www.youtube.com/watch?v=o-NRwOiAAI8
TMS 753: Horse Butts,https://www.youtube.com/watch?v=C5Bowi7k1gw
TMS: 755: Rastlin,https://www.youtube.com/watch?v=EBk-2bocLnA
New TMS 756,https://www.youtube.com/watch?v=KTBbLe7jgNQ
TMS 758: Run the freaking ball!,https://www.youtube.com/watch?v=fvqFGgPK0cs
TMS 759: Greatly Appreciated,https://www.youtube.com/watch?v=8DcIccYxBZo
TMS 761: Don't Feel The Reaper,https://www.youtube.com/watch?v=Ymq9KAuu6pE
TMS 763: Slowly Drive On By,https://www.youtube.com/watch?v=aLThQmLzQgw
TMS 764: Shpridermans,https://www.youtube.com/watch?v=1bjH_hZuguQ
TMS 768,https://www.youtube.com/watch?v=kQ_FMPDVbSI
TMS 769: Run for the hills,https://www.youtube.com/watch?v=DuHhV9coSkk
TMS 772: My Banana Says Run,https://www.youtube.com/watch?v=_rS8tQx__fI
TMS 773,https://www.youtube.com/watch?v=93a48mgA6KE
TMS 774,https://www.youtube.com/watch?v=P1Tyd6X551M
TMS 781,https://www.youtube.com/watch?v=tDfGXecqpVc
"TMS 782: Oops, I deet eet again!",https://www.youtube.com/watch?v=N5bZ27tQpdg
TMS 783: Roof Pizza,https://www.youtube.com/watch?v=C_QSnztNwEE
TMS 786: Mud Covered Police,https://www.youtube.com/watch?v=JQ8i0ICCmrw
TMS 787: Chese covered horse face,https://www.youtube.com/watch?v=2A0W-ncB804
TMS 791: FroggyStyle,https://www.youtube.com/watch?v=BRyQcsMCNYY
TMS - 792,https://www.youtube.com/watch?v=Huhek65IlrE
TMS 793: In your dreams,https://www.youtube.com/watch?v=u7M1NQ1oFaU
TMS 797,https://www.youtube.com/watch?v=bLkDPxLl5d4
TMS 799: Grown Ass Woman,https://www.youtube.com/watch?v=1R0spvDiD5w
TMS 800: Pound Gorilla,https://www.youtube.com/watch?v=-0N4fbrJH_8
TMS 801,https://www.youtube.com/watch?v=TWhqgqyeZ6I
TMS 802,https://www.youtube.com/watch?v=SQszK7cx8Nw
TMSPM 803,https://www.youtube.com/watch?v=bAE28HzQ7TU
TMS 805,https://www.youtube.com/watch?v=EhX3eCHRHNk
TMS 812,https://www.youtube.com/watch?v=dAgulDk3358
TMS 813: Show Classic,https://www.youtube.com/watch?v=z7W1um6276c
TMS PM 815,https://www.youtube.com/watch?v=A1U4F-zF99w
TMS 816,https://www.youtube.com/watch?v=kox19Pja-Us
TMS 817: Please don't be bad.,https://www.youtube.com/watch?v=OhiPSRENxOE
819: T-Shirt Offense,https://www.youtube.com/watch?v=cbYqqH6ztAg
TMSPM 820,https://www.youtube.com/watch?v=RpT8h1XkrQ8
"823: This time, legally.",https://www.youtube.com/watch?v=rwHOg-n_sA0
TMS 824,https://www.youtube.com/watch?v=RkPsRbwgpx4
TMS 829,https://www.youtube.com/watch?v=YBEOno6eyxY
TMS 830 Mythical Burrito,https://www.youtube.com/watch?v=3kQ9Om1hF7w
TMS 831,https://www.youtube.com/watch?v=trPywvEQxBw
TMSPM 832,https://www.youtube.com/watch?v=dVDfLP-757M
TMS 834,https://www.youtube.com/watch?v=1E5Wf06Zz-0
838: Spins a web any size,https://www.youtube.com/watch?v=69vWySPhXDE
TMS 839,https://www.youtube.com/watch?v=xQhExXlCebE
TMS 843,https://www.youtube.com/watch?v=uJWqXNJtOkY
TMS 844,https://www.youtube.com/watch?v=8SjocrjBW68
TMS 846,https://www.youtube.com/watch?v=km32GWeP03o
TMS 847: Selfie Stuck,https://www.youtube.com/watch?v=CIokJV02Rno
TMS 849,https://www.youtube.com/watch?v=1RRjqgb3tjw
TMS 850,https://www.youtube.com/watch?v=h63kAqMYwzI
TMSPM 851,https://www.youtube.com/watch?v=nKXjdI6obaw
TMS 854,https://www.youtube.com/watch?v=IH25NlehNdw
TMS PM 856,https://www.youtube.com/watch?v=zj4naSdvQkY
TMS 857,https://www.youtube.com/watch?v=lSXgSzzQ0cM
TMS 858,https://www.youtube.com/watch?v=qsYn7ERqMfU
TMS 859,https://www.youtube.com/watch?v=lLRnbW5lvLc
TMS 861,https://www.youtube.com/watch?v=W8Hkd1AYT9s
TMS 862,https://www.youtube.com/watch?v=gdDwGVSvl50
TMSPM 863,https://www.youtube.com/watch?v=qvx4gzluoiw
TMS 870,https://www.youtube.com/watch?v=P5JZNcv_hsc
TMS 875,https://www.youtube.com/watch?v=OjPtzZF4y9o
TMS 877,https://www.youtube.com/watch?v=0pTYu7vjeJI
TMS 879,https://www.youtube.com/watch?v=q6Ei7MG4ucs
TMS 902,https://www.youtube.com/watch?v=J75umguS4kc
TMSPM 904,https://www.youtube.com/watch?v=7-HyCg74XzE
TMS 906,https://www.youtube.com/watch?v=hEMylG-vYOQ
TMS 909,https://www.youtube.com/watch?v=GF5iud3XMeE
TMSPM 1562,https://www.youtube.com/watch?v=z2nxtaCB-Vs
TMS 1563 Part 1,https://www.youtube.com/watch?v=Rz7ago1jlRs
TMS 1564 Part 1,https://www.youtube.com/watch?v=v17FJHtPI5U
TMS 1565 Part 1,https://www.youtube.com/watch?v=Kgz7u84P3PQ
TMS 1566 Part 1,https://www.youtube.com/watch?v=e3XVTcTVvKo
TMS PM 1567,https://www.youtube.com/watch?v=coCGLjzBIGc
"TMS 1568 Part 2: IPA Now, IPP Later",https://www.youtube.com/watch?v=8HJZW2jO50Y
TMS 1569 Part 1: Trek The Halls,https://www.youtube.com/watch?v=L1wTnaaYGgk
TMS 1570 Part 1,https://www.youtube.com/watch?v=B6E1LOIEGRU
TMS 1572: Chicken Cake Part 1,https://www.youtube.com/watch?v=sg86P4USx54
TMS 1573: Tom Hardly Part 1,https://www.youtube.com/watch?v=TJoeHn9GwSQ
TMS 1574: The Ladies Attachment Part 1,https://www.youtube.com/watch?v=y2nheyDaJhs
TMSPM 1575: Circus Peanut Flesh,https://www.youtube.com/watch?v=y3hnQmT89dQ
TMS 1576: A Man Delorean,https://www.youtube.com/watch?v=HkPARo4Jmpk
TMS 1577: Not on (M)any Drugs Part 1,https://www.youtube.com/watch?v=GUjROQsTgiE
TMS 1578: Toast Sweat Part 1,https://www.youtube.com/watch?v=bz-cnLFRv5o
TMS PM 1579,https://www.youtube.com/watch?v=fWxSvR7yc9Y
TMS 1580 Part 1,https://www.youtube.com/watch?v=kYAwLZ7ojJg
TMS 1581 Part 1,https://www.youtube.com/watch?v=s169yZJxl-k
TMS 1582: Taste the Tumor Part 1,https://www.youtube.com/watch?v=3-xH7W5CGRY
TMS 1583 Part 1,https://www.youtube.com/watch?v=6h2UyOqNiCY
TMS PM 1584,https://www.youtube.com/watch?v=_9xkED4sNjk
TMS 1585 Part 1,https://www.youtube.com/watch?v=7zzK5tTZQMk
TMS 1586: Artificial Hoo Ha Part 2,https://www.youtube.com/watch?v=NsLIIq9c30U
TMS 1588 Part 1,https://www.youtube.com/watch?v=_ETNYIJyJRQ
TMS 1589: Toast is Bread Part 1,https://www.youtube.com/watch?v=ybZdzaw6sEY
TMS 1590 Part 1,https://www.youtube.com/watch?v=LUd-mMwGkXs
TMS 1591 Part 2,https://www.youtube.com/watch?v=xiPf2he4lns
TMS 1592 Part 1,https://www.youtube.com/watch?v=bdhNwnTAjlA
TMS 1593: Fiiring up the Epilady Part 1,https://www.youtube.com/watch?v=Xi8_ygvNqZc
TMS PM 1594,https://www.youtube.com/watch?v=sqtUP44t8TY
TMS 1595 Part 1,https://www.youtube.com/watch?v=HFyeR5JYR-g
TMS 1596 Part 1,https://www.youtube.com/watch?v=7ng9LxCxBkM
TMS 1597 Part 1,https://www.youtube.com/watch?v=M_E9TDLLehQ
TMS PM 1598: Kroger-brand Butt-pickle,https://www.youtube.com/watch?v=Zw0zw3XO-GI
TMS 1599 Part 1,https://www.youtube.com/watch?v=qU1wc82pBKY
TMS 1600,https://www.youtube.com/watch?v=UJujkhGfjbw
TMS 1601: Neighbor to the Doodle Part 1,https://www.youtube.com/watch?v=yw55Mk9i7Lo
TMS 1602 Part 2,https://www.youtube.com/watch?v=43GyarEghzQ
TMS 1603: The Ma'am Mum Conundrum,https://www.youtube.com/watch?v=Rn3PEws10IY
TMS 1604: Nobody expects the Sweaty Handquisition,https://www.youtube.com/watch?v=ComFPoNWFQw
TMS 1605: Don't Trust the Key in Apt. 23,https://www.youtube.com/watch?v=zpPdNMsgsYk
"TMSPM 1606: Weight, Weight Don't Tell Me",https://www.youtube.com/watch?v=YMV9yalYwUw
"TMS 1607: If You Can Dodge $3, You Can Dodge a Ball",https://www.youtube.com/watch?v=wX-KoWM9LaM
TMS 1608: The Exscape of Rascal Penjarvis,https://www.youtube.com/watch?v=-x8X1uUViSE
TMS 1609: Reese Whitherbone,https://www.youtube.com/watch?v=ar1-YVN7hMU
TMS 1610: Chad The Exorcist,https://www.youtube.com/watch?v=Y3kw86Pmy84
TMS PM 1611,https://www.youtube.com/watch?v=2yLOieXyUpg
TMS 1613: The War On X-Miss Kentucky,https://www.youtube.com/watch?v=fgguLlRwoLU
TMS 1614: Side of Undies,https://www.youtube.com/watch?v=QUU1WP4ms64
"TMSPM 1615: Toes, Toto, and Toast",https://www.youtube.com/watch?v=22iBRNotDOU
TMS 1616: Don’t Trust The Q On Deck 23,https://www.youtube.com/watch?v=dBc8TcnGiYk
TMS 1617: Dog Repairs,https://www.youtube.com/watch?v=dVqm5XH-8lE
TMS 1618: The Adventures of Buck Monthly,https://www.youtube.com/watch?v=r_KuAEZpP1Q
TMS 1619: The Adventures of Big Foot and Little Hands,https://www.youtube.com/watch?v=6DnltqS8zgg
TMS 1620: Bewbs Actually,https://www.youtube.com/watch?v=aAcwxEvsp4I
TMS 1621: King Whatshisbucket,https://www.youtube.com/watch?v=iRLwH50fARs
TMS 1622,https://www.youtube.com/watch?v=7aPO3wUvk74
TMS 1624,https://www.youtube.com/watch?v=qQd5LKbjFU0
TMS PM 1625: Cafartic,https://www.youtube.com/watch?v=BkZ3e9W8JSQ
TMS 1626: Pho King Bingo,https://www.youtube.com/watch?v=k7gzINTLoPE
TMS 1627: Sea Meat,https://www.youtube.com/watch?v=jUTJMvwWrTo
TMS 1628: Doorbellingus,https://www.youtube.com/watch?v=x4U__r90tLc
TMS 1629: Maria With A Spoon In A Back Room,https://www.youtube.com/watch?v=vQ-lj8-gGBo
TMSPM 1630,https://www.youtube.com/watch?v=UoPsNwXPOhc
TMS 1631: Burgundy Button Downs,https://www.youtube.com/watch?v=JWKwkmIj1MA
TMS 1632: Is it too early for a raccoon sandwich?,https://www.youtube.com/watch?v=BIF3VMd0aTU
TMS 1633 Part 1 Cheat Responsibly,https://www.youtube.com/watch?v=VScxkVPVquA
TMS PM 1634,https://www.youtube.com/watch?v=3Oqsa-XlGsE
TMS 1636: Soy Nut Inclusions,https://www.youtube.com/watch?v=LfFh2HR50cA
TMS 1637,https://www.youtube.com/watch?v=mLI3dP8CMLU
TMS 1638: One and Dunaway,https://www.youtube.com/watch?v=nXML5X537n0
TMS 1639: Manspreading vs Shebagging,https://www.youtube.com/watch?v=j8WDkG_To3I
TMS 1640: Grandpa begins at conception,https://www.youtube.com/watch?v=zZXV1xIneIU
TMS 1641,https://www.youtube.com/watch?v=dmHlPLExIqU
TMS 1642,https://www.youtube.com/watch?v=8lj3NNekpxI
TMS 1643 Part One,https://www.youtube.com/watch?v=ozN3I762MbE
"TMSPM 1644: Shave and a Haircut, Poo Bits",https://www.youtube.com/watch?v=EHbikWA5uRo
TMS 1645: Why Does He Get Genitals?,https://www.youtube.com/watch?v=BUnLtrmqptE
TMS 1646: Wandering Into Mulva Territory,https://www.youtube.com/watch?v=9PC1blAF_YU
TMS 1647,https://www.youtube.com/watch?v=EgaOXcRGUs0
TMS 1648: Tinkerbell's Palsy,https://www.youtube.com/watch?v=060F-vzo9Vo
TMSPM 1649: Mr. Electric-Poopy-Dog-Call-the-Cops Man,https://www.youtube.com/watch?v=nKxgcxGJru4
TMS 1650: Point on the Body Where Your Immune System Is,https://www.youtube.com/watch?v=VS-5LEUrwFs
TMS 1652: Pig Mentally Challenged,https://www.youtube.com/watch?v=SdWTFR7XUfE
TMS 1653 Part 1,https://www.youtube.com/watch?v=aaivQD9nu7w
TMSPM 1654: Ever seen capers?,https://www.youtube.com/watch?v=PovS5CPS724
TMS 1655: Scootin' Around on a Slim Jimmy,https://www.youtube.com/watch?v=qgMRnMYKDgo
TMS 1658,https://www.youtube.com/watch?v=oywbbekbe3s
TMS 1659: The Bellagio Bidet,https://www.youtube.com/watch?v=GORwBoH9x9M
TMS 1660: F the Right Off Outta Here That Direction,https://www.youtube.com/watch?v=sl4HknCG_HU
TMS 1661,https://www.youtube.com/watch?v=Njro2ULnon0
TMS 1662: Simulated Doin It,https://www.youtube.com/watch?v=DNFz9dnTSvE
TMS 1663: Stickin’ it to Mr. Hilton,https://www.youtube.com/watch?v=1BI9DXyDtJ4
TMS 1664,https://www.youtube.com/watch?v=Uxw5D1I4yP0
TMS 1665,https://www.youtube.com/watch?v=bGQ8W9krBuE
"TMSPM 1666: Might As Well Face It, You're Allergic To Farts",https://www.youtube.com/watch?v=FbAfHLvH00E
TMS 1668: Fart Picklers,https://www.youtube.com/watch?v=GXegOH2BpC4
TMS 1669: Food Tumor Supreme,https://www.youtube.com/watch?v=KQ0lyOpLVs8
"TMS 1670: If It's A Restaurant, It's Not Racist",https://www.youtube.com/watch?v=0ekf3aDH8zo
TMSPM 1671: Maybe I Gave Her a Weird Frosty,https://www.youtube.com/watch?v=USxQ02be9Fc
TMS 1672: Maybe Disney Jumped the Gunn,https://www.youtube.com/watch?v=EKQgmiJ-PMg
TMS 1673: Playing Footsie With Death,https://www.youtube.com/watch?v=hnpdfNVwCXw
TMS 1674: Wall Hiking,https://www.youtube.com/watch?v=GQBZS-yf5ds
TMS 1675: Aorta me some hair fries,https://www.youtube.com/watch?v=gyQQ015kxvs
TMS PM 1676,https://www.youtube.com/watch?v=pt0YFif3giA
TMS 1677: General Tsalmonella's Chicken,https://www.youtube.com/watch?v=6V8ObzgR2b4
TMS 1678,https://www.youtube.com/watch?v=D6qWzyYzBNQ
TMS 1679,https://www.youtube.com/watch?v=jhucUL8qapU
TMS 1680,https://www.youtube.com/watch?v=k-SfaC43DLc
TMS 1681,https://www.youtube.com/watch?v=3l36RP7jDLk
TMS 1682: Horse Bucket Garambe,https://www.youtube.com/watch?v=HBXbQ-yjof8
"TMS 1683: Picker, Grinner, and Fidget Spinner",https://www.youtube.com/watch?v=Cb9drXXugfA
TMS 1684,https://www.youtube.com/watch?v=F8BH1-zuhIc
TMS 1685: As easy as taking Doritos from a teenager,https://www.youtube.com/watch?v=0ArzcoUOKcU
TMS 1686: Lookin for Lungs in All the Wrong Places,https://www.youtube.com/watch?v=6PN3qxjyKWg
TMS 1687: Furiocho,https://www.youtube.com/watch?v=I6l9iD_BCIw
TMS 1688,https://www.youtube.com/watch?v=zKr4CFAdtcs
TMS PM 1689,https://www.youtube.com/watch?v=5LioUvhSSzI
TMS 1692: How about we focus on the Question,https://www.youtube.com/watch?v=Ks-VlmGhu2U
TMS 1693: Last Peg on the Trucker Strap,https://www.youtube.com/watch?v=4uV6GYz6UkI
TMS PM 1694,https://www.youtube.com/watch?v=RsaS7Q9ueBg
TMS 1695,https://www.youtube.com/watch?v=fLV8smliMdc
TMS 1696,https://www.youtube.com/watch?v=Td2rtggybtA
TMS 1697,https://www.youtube.com/watch?v=egHoBgleFvM
TMS 1698,https://www.youtube.com/watch?v=Yl-XzKbbJRo
TMS 1700,https://www.youtube.com/watch?v=cAAjcXUSPX0
TMS PM 1701,https://www.youtube.com/watch?v=6E1eMLykrS8
TMS 1702,https://www.youtube.com/watch?v=jXWe235qUW0
TMS 1703: These brownies taste like ash,https://www.youtube.com/watch?v=2IcGDEv8oCs
TMS 1704,https://www.youtube.com/watch?v=H5L5_xokC6o
TMS 1705,https://www.youtube.com/watch?v=nJ_czrsBAlY
TMS 1706,https://www.youtube.com/watch?v=-AH1GX_2k8M
TMS 1707,https://www.youtube.com/watch?v=_7OW2MMJ-2w
TMS 1708,https://www.youtube.com/watch?v=Xk-ALKN4JkQ
TMS 1709,https://www.youtube.com/watch?v=d8qo70XKTWM
TMSPM 1710,https://www.youtube.com/watch?v=oydXMVDpFpY
TMS 1711,https://www.youtube.com/watch?v=asUhKkWAaBg
TMS 1712,https://www.youtube.com/watch?v=QzamE6QiWBo
TMS 1713,https://www.youtube.com/watch?v=IJSP92ui9aE
TMSPM 1714,https://www.youtube.com/watch?v=vZ3BszAAhYQ
TMS 1715 FIXED,https://www.youtube.com/watch?v=-_7S9hUL8ko
TMS 1716,https://www.youtube.com/watch?v=hju4Q_C1TfM
TMS 1717,https://www.youtube.com/watch?v=ywvG0zUxLgs
TMS 1718,https://www.youtube.com/watch?v=7bxqCkj6yJ0
TMS 1720: F-35 Dong-fight,https://www.youtube.com/watch?v=xqR5QwMdLpA
TMS 1721,https://www.youtube.com/watch?v=SgHVKOiAUCg
TMS 1722,https://www.youtube.com/watch?v=dgBO4YDcVNQ
TMS 1723,https://www.youtube.com/watch?v=Pl1wvFk7IJ8
TMSPM 1724,https://www.youtube.com/watch?v=_JvIsusqnnU
TMS 1725,https://www.youtube.com/watch?v=9ExEX_VA2nM
TMS 1726,https://www.youtube.com/watch?v=HVgcxrZny2o
TMS 1727,https://www.youtube.com/watch?v=DqrB5A0o0To
TMS 1728,https://www.youtube.com/watch?v=qRzAkJFGJFA
TMS 1730: Caruruoted Ortery,https://www.youtube.com/watch?v=qr5GdgqycGY
TMSPM 1734,https://www.youtube.com/watch?v=ZeXj6vrVedM
TMS 1737: Supposed Peanut Butter Square,https://www.youtube.com/watch?v=V7bOwuQgC00
TMS PM 1738,https://www.youtube.com/watch?v=79FiwlmErEc
TMS 1740,https://www.youtube.com/watch?v=DcPqN8ny0pw
TMS PM 1742,https://www.youtube.com/watch?v=mRORM2orKpk
TMS 1744,https://www.youtube.com/watch?v=euAQ-wxolMY
TMS 1746,https://www.youtube.com/watch?v=ke0aIoiGuNo
TMS 1749,https://www.youtube.com/watch?v=lAWHNMKVNQs
TMS 1752,https://www.youtube.com/watch?v=LSCl_BFCwD0
TMS 1753,https://www.youtube.com/watch?v=PmkT3tvFLhk
TMS 1755,https://www.youtube.com/watch?v=1DFTEP9l8VE
TMSPM 1756,https://www.youtube.com/watch?v=dOvJAhLE6ug
TMS 1758,https://www.youtube.com/watch?v=042qnDcMSWA
TMS 1759,https://www.youtube.com/watch?v=krohaJlVLfs
TMSPM 1760,https://www.youtube.com/watch?v=dKxIZA9OVkU
TMS 1761,https://www.youtube.com/watch?v=TCdpsx5oJgw
TMS 1762,https://www.youtube.com/watch?v=Phb8tAa0wjU
TMS 1763,https://www.youtube.com/watch?v=vUBlHjJA-6M
TMSPM 1765,https://www.youtube.com/watch?v=0OEs7fTgZGo
TMS 1767,https://www.youtube.com/watch?v=T1ZnKV0RBWQ
TMS 1768,https://www.youtube.com/watch?v=_UQo09sj_vc
TMS 1771,https://www.youtube.com/watch?v=-h8NsIAzAJ4
TMS 1772,https://www.youtube.com/watch?v=x6kR2rsBfwc
TMS 1773,https://www.youtube.com/watch?v=7l4Pgq0WzLA
TMS 1774,https://www.youtube.com/watch?v=G4GRK8U-jSc
TMS 1776,https://www.youtube.com/watch?v=h3kS0QhRhTs
TMS 1777,https://www.youtube.com/watch?v=FKBobbjXyAs
TMSPM 1778,https://www.youtube.com/watch?v=Xc7QBoxNTUg
TMS 1780,https://www.youtube.com/watch?v=ib87pf04j3Q
TMS 1781,https://www.youtube.com/watch?v=IVtyyAI95vQ
TMS 1784,https://www.youtube.com/watch?v=cpK9s43Ps_U
TMS 1785,https://www.youtube.com/watch?v=p3z5RTTAPJw
TMS 1786,https://www.youtube.com/watch?v=8C5ABHqQur8
TMSPM 1787,https://www.youtube.com/watch?v=Yljk_K-_09I
TMS 1788,https://www.youtube.com/watch?v=O35Q5txlv5s
TMS 1790,https://www.youtube.com/watch?v=ff6bd3cUdm8
TMS 1792,https://www.youtube.com/watch?v=KU3Sd9n6kHM
TMS 1793,https://www.youtube.com/watch?v=r2B3PcfBGdA
TMS 1794,https://www.youtube.com/watch?v=b4N5mBVNOCw
TMS 1795,https://www.youtube.com/watch?v=NOYRyWRPYdU
TMS 1796,https://www.youtube.com/watch?v=jcPa9ucbXHI
TMS 1798,https://www.youtube.com/watch?v=MJQ7KqYQg3w
TMS 1799,https://www.youtube.com/watch?v=SRK_LLxc_G0
TMSPM 1801,https://www.youtube.com/watch?v=knyYeguCX1I
TMS 1802,https://www.youtube.com/watch?v=EupVP2__l-0
TMS 1804,https://www.youtube.com/watch?v=Y75nyt_VIfY
TMSPM 1806,https://www.youtube.com/watch?v=Wt4Q9d8nO8M
TMS 1810,https://www.youtube.com/watch?v=A_qt9OTskd0
TMSPM 1811,https://www.youtube.com/watch?v=MgTYZ6J4eXs
TMS 1812,https://www.youtube.com/watch?v=2k_U_tQjT38
TMS 1815,https://www.youtube.com/watch?v=Wrlj-SvsTUM
TMS PM 1816,https://www.youtube.com/watch?v=X_kg1BHyk2I
TMS 1817,https://www.youtube.com/watch?v=VnZYn1XxMF0
TMS 1818,https://www.youtube.com/watch?v=jj6C6kR2vC4
TMS 1819,https://www.youtube.com/watch?v=sEIHNoQf6wA
TMSPM 1820,https://www.youtube.com/watch?v=EHHkQq6WGvY
TMS 1823,https://www.youtube.com/watch?v=IAICkpMlBXA
TMS 1825,https://www.youtube.com/watch?v=WUelqRy9flw
TMS 1826,https://www.youtube.com/watch?v=9k8PC1Kenec
TMS 1827,https://www.youtube.com/watch?v=WfvAg8vtldU
TMSPM 1828,https://www.youtube.com/watch?v=NhgXGwcwnBM
TMS 1830,https://www.youtube.com/watch?v=E7FdIWY2Pt8
TMS 1832,https://www.youtube.com/watch?v=_G4VoDbvWXA
TMS PM 1833,https://www.youtube.com/watch?v=L5c6287T7uw
TMS 1835,https://www.youtube.com/watch?v=1FlhUURpJGc
TMS 1836,https://www.youtube.com/watch?v=EmtILpyYI5Q
TMS 1837,https://www.youtube.com/watch?v=vMVz09CkJ0w
TMS 1838,https://www.youtube.com/watch?v=WXOh-e7BOdc
TMS 1840,https://www.youtube.com/watch?v=veFsiGMUDpM
TMS 1841,https://www.youtube.com/watch?v=sK1yvq_AJRQ
TMS 1842,https://www.youtube.com/watch?v=Bku3dvrYfRY
TMS 1845,https://www.youtube.com/watch?v=pRMRxXrrX-A
TMSPM 1846,https://www.youtube.com/watch?v=TJMCFVFxGAE
TMS 1848,https://www.youtube.com/watch?v=Xsh_SKK4wxY
TMS PM 1849,https://www.youtube.com/watch?v=owG5-1cy0YY
TMS 1850,https://www.youtube.com/watch?v=4C6yIGzssDE
TMS 1851,https://www.youtube.com/watch?v=MAs3sDPRnRQ
TMS 1852,https://www.youtube.com/watch?v=5spdm5ZJjUA
TMS 1853,https://www.youtube.com/watch?v=TR7xQOCaSjw
tms pm 1854,https://www.youtube.com/watch?v=LWC4oDDgAqo
TMS 1855,https://www.youtube.com/watch?v=CMM62X43epA
TMS 1856,https://www.youtube.com/watch?v=5Skj2fD-RNc
TMS 1857,https://www.youtube.com/watch?v=V9nBVYyxwlk
TMS 1858,https://www.youtube.com/watch?v=xs1y3ZXoBmo
TMS 1859,https://www.youtube.com/watch?v=pJINzkj5h7U
TMS 1861,https://www.youtube.com/watch?v=pq-maa7qQJ0
TMS 1862,https://www.youtube.com/watch?v=EjYDwgZ8P9c
TMS PM 1863,https://www.youtube.com/watch?v=-peWsr4hf60
TMS 1864,https://www.youtube.com/watch?v=xCOrffmp3Vg
TMS 1865,https://www.youtube.com/watch?v=-o8XRSNlxyo
TMS 1866,https://www.youtube.com/watch?v=w0fsD7CuobM
TMS 1868: The Morning Stream: Is that still on?,https://www.youtube.com/watch?v=H9eJ-CfsQbw
TMS 1869: The Cheapest Thing You Can Do In Vegas,https://www.youtube.com/watch?v=Bubqjf4y2Zw
TMS 1870: Finger it to Loop it,https://www.youtube.com/watch?v=8SxLcbyMaEs
TMS 1873: There's No L In Bolth,https://www.youtube.com/watch?v=PCIbikDeX9s
TMS 1875: ASCII your Doctor,https://www.youtube.com/watch?v=4OuI8zVbBPk
"TMS 1876: Pete-O, Like Neat-O!",https://www.youtube.com/watch?v=vdVaGeg_bJE
TMS 1877: Strafanger Danger,https://www.youtube.com/watch?v=aqtLNtAMrYg
TMS 1878,https://www.youtube.com/watch?v=sxLTrDkdc-w
TMS 1879,https://www.youtube.com/watch?v=RkF5FmRxBKc
TMS 1880,https://www.youtube.com/watch?v=VnY06KsfM4Y
TMS 1883,https://www.youtube.com/watch?v=optHPf2-ids
TMS 1885,https://www.youtube.com/watch?v=rfhYz69siTg
TMS 1886,https://www.youtube.com/watch?v=f5GFBdVo2-I
TMS 1887,https://www.youtube.com/watch?v=keQpubvPh-o
TMS 1888,https://www.youtube.com/watch?v=JWfUHG1ULdg
TMS 1889,https://www.youtube.com/watch?v=aRQLwB3vsYw
TMS 1890,https://www.youtube.com/watch?v=kOCT3nKIVn4
TMS 1891,https://www.youtube.com/watch?v=u7y26vJhbbE
TMS 1892,https://www.youtube.com/watch?v=fn4poyXsI1s
TMS 1893,https://www.youtube.com/watch?v=7Tc0T8ERkpE
TMS 1894,https://www.youtube.com/watch?v=BxFLmneW9eM
TMS 1895,https://www.youtube.com/watch?v=pescSROhPR8
TMS 1896,https://www.youtube.com/watch?v=XEu54IDlM3E
TMS 1897,https://www.youtube.com/watch?v=dM89ZKYGb0Y
TMS 1898,https://www.youtube.com/watch?v=LuRNlEHLiQY
TMS 1899,https://www.youtube.com/watch?v=l4L7cltvpCY
TMS 1900,https://www.youtube.com/watch?v=RrUsCItReso
TMS 1901,https://www.youtube.com/watch?v=0gtK4USh8qg
TMS 1902,https://www.youtube.com/watch?v=KKMdLmO6kUs
TMS 1903,https://www.youtube.com/watch?v=5G78BVNzi4k
TMS 1904,https://www.youtube.com/watch?v=QWyBbOJkJdw
TMS 1905,https://www.youtube.com/watch?v=NfORxfUdrtI
TMS 1906,https://www.youtube.com/watch?v=Z4-FF7OfnKg
TMS 1907,https://www.youtube.com/watch?v=ldfLtKmLseE
TMS 1909,https://www.youtube.com/watch?v=qeqanDFkTgo
TMS 1911 - SORRY AUDIO ONLY IN THIS ONE. Had a corrupt video file.,https://www.youtube.com/watch?v=QtR7IDjXBFg
TMS 1912,https://www.youtube.com/watch?v=NaL45qq9gL0
TMS 1914,https://www.youtube.com/watch?v=ptw-ZOiLr8U
TMS 1915,https://www.youtube.com/watch?v=apI2aBWmOvs
TMS 1917,https://www.youtube.com/watch?v=25NCbDQr7eE
TMS 1918,https://www.youtube.com/watch?v=b6DyDat0pBo
TMS 1920,https://www.youtube.com/watch?v=Qz3Hk4OCNQI
TMS 1922,https://www.youtube.com/watch?v=pv6wT3x7ap8
TMS 1923,https://www.youtube.com/watch?v=P5Psy4QwTpA
TMS 1924,https://www.youtube.com/watch?v=nEQ2ldydXWc
The Morning Stream 1926,https://www.youtube.com/watch?v=XYqAhTqMASk
The Morning Stream 1927,https://www.youtube.com/watch?v=aoa460Tj-EY
The Morning Stream 1928,https://www.youtube.com/watch?v=pmTZH5vQr5k
The Morning Stream 1929,https://www.youtube.com/watch?v=FBrlokqVf3g
The Morning Stream 1930,https://www.youtube.com/watch?v=r_cnO4s1-G4
The Morning Stream 1931,https://www.youtube.com/watch?v=79kPxuZJRjA
The Morning Stream 1932,https://www.youtube.com/watch?v=-Rf6vfChezk
The Morning Stream 1933,https://www.youtube.com/watch?v=iAmRCLLARgk
The Morning Stream 1934,https://www.youtube.com/watch?v=jh3d3RGqZDU
The Morning Stream 1935,https://www.youtube.com/watch?v=3m3k047mqXM
The Morning Stream 1936,https://www.youtube.com/watch?v=EJ5JaBX2rzs
The Morning Stream 1937,https://www.youtube.com/watch?v=2qBbol0snyg
The Morning Stream 1938,https://www.youtube.com/watch?v=kGrrCBMhEe4
The Morning Stream 1939,https://www.youtube.com/watch?v=BxfPbcFfnfQ
The Morning Stream 1940,https://www.youtube.com/watch?v=FKQvs7Lu44w
The Morning Stream 1941,https://www.youtube.com/watch?v=X4kultqrntA
The Morning Stream 1942,https://www.youtube.com/watch?v=zpzvwCx00Bo
The Morning Stream 1943,https://www.youtube.com/watch?v=OUWBmYvw--U
The Morning Stream 1944,https://www.youtube.com/watch?v=Sz7s04R_VTI
The Morning Stream 1945,https://www.youtube.com/watch?v=j1Q0dDRc43s
The Morning Stream 1946,https://www.youtube.com/watch?v=fYd-P3oXhWg
The Morning Stream 1947,https://www.youtube.com/watch?v=Ola4Ka_NEpQ
The Morning Stream 1948,https://www.youtube.com/watch?v=yAYZhKSOvdY
The Morning Stream 1949,https://www.youtube.com/watch?v=evzjE4QdyNQ
The Morning Stream 1951,https://www.youtube.com/watch?v=FCXkI1a75lc
The Morning Stream 1952,https://www.youtube.com/watch?v=Jtr0b_z2d2c
The Morning Stream 1953,https://www.youtube.com/watch?v=s2zTlVEvdJE
The Morning Stream 1954,https://www.youtube.com/watch?v=G5GgT_KxqZw
The Morning Stream 1955 (repost),https://www.youtube.com/watch?v=Kp3JvTnua0g
The Morning Stream 1956,https://www.youtube.com/watch?v=6oH0WI2ufoM
The Morning Stream 1957,https://www.youtube.com/watch?v=TQ7zKKU8a3U
The Morning Stream 1958,https://www.youtube.com/watch?v=7ZJII-NC9MI
The Morning Stream 1959,https://www.youtube.com/watch?v=9ldCikqYvMo
The Morning Stream 1960,https://www.youtube.com/watch?v=hv_cSGQ_MSk
The Morning Stream 1961,https://www.youtube.com/watch?v=SDbytyYtJxk
The Morning Stream 1962,https://www.youtube.com/watch?v=22Y06kqCJ0s
The Morning Stream 1963,https://www.youtube.com/watch?v=HtnyQGEvxqA
The Morning Stream 1964,https://www.youtube.com/watch?v=NaIR9Vh69mk
The Morning Stream 1965,https://www.youtube.com/watch?v=2RCIvlIorEI
The Morning Stream 1966,https://www.youtube.com/watch?v=9EcsQAdZ1OA
The Morning Stream 1967,https://www.youtube.com/watch?v=pHHmR_-5Vhs
The Morning Stream 1968,https://www.youtube.com/watch?v=H3kwAlRTAM4
The Morning Stream 1969,https://www.youtube.com/watch?v=P6olkb-qf7E
The Morning Stream 1970,https://www.youtube.com/watch?v=CdSfqQ3bKeo
The Morning Stream 1971,https://www.youtube.com/watch?v=I25Jw5FN3W8
The Morning Stream 1972,https://www.youtube.com/watch?v=NnrtmkJpEpg
The Morning Stream 1973,https://www.youtube.com/watch?v=CJtVbrsX1Jk
The Morning Stream 1974,https://www.youtube.com/watch?v=4xuWbhG3z5Y
The Morning Stream 1975,https://www.youtube.com/watch?v=tyE64aSCbOI
The Morning Stream 1976,https://www.youtube.com/watch?v=qUrY4V-HnF0
The Morning Stream 1977,https://www.youtube.com/watch?v=B3H_H3IyhDU
The Morning Stream 1978,https://www.youtube.com/watch?v=0Xl-D2D3IRw
The Morning Stream 1979,https://www.youtube.com/watch?v=sFeRSbjKnXY
The Morning Stream 1981,https://www.youtube.com/watch?v=LgtdBwSBuwA
The Morning Stream 1982,https://www.youtube.com/watch?v=d1Mf4_u6GXc
The Morning Stream 1983,https://www.youtube.com/watch?v=Tw-TQhCPNd8
The Morning Stream 1984,https://www.youtube.com/watch?v=IQOLY9XpJo8
The Morning Stream 1985,https://www.youtube.com/watch?v=il9d4agVj78
The Morning Stream 1986,https://www.youtube.com/watch?v=56WyrTcZOJw
The Morning Stream 1987,https://www.youtube.com/watch?v=NF9nJnF7UV8
The Morning Stream 1988,https://www.youtube.com/watch?v=EnvVBQ7SEMg
The Morning Stream 1989,https://www.youtube.com/watch?v=Vfp5psjFtJU
The Morning Stream 1990,https://www.youtube.com/watch?v=JwKgWKSnCAY
The Morning Stream 1991,https://www.youtube.com/watch?v=QwUcl-sSxMg
The Morning Stream 1992,https://www.youtube.com/watch?v=2TUIfke7qcQ
The Morning Stream 1993,https://www.youtube.com/watch?v=_EYcXlChG6I
The Morning Stream 1994,https://www.youtube.com/watch?v=bKo4nxGC0bw
The Morning Stream 1996,https://www.youtube.com/watch?v=SsF9YfYq8sA
The Morning Stream 1997,https://www.youtube.com/watch?v=NfLNQCLtM-A
The Morning Stream 1998,https://www.youtube.com/watch?v=HyPsxhFO0gU
The Morning Stream 1999,https://www.youtube.com/watch?v=ojtaD8_TqtM
The Morning Stream 2000,https://www.youtube.com/watch?v=5COLyqDnc48
The Morning Stream 2001,https://www.youtube.com/watch?v=iIu_WTm3FIw
The Morning Stream 2002,https://www.youtube.com/watch?v=IaiEzE2AU1o
The Morning Stream 2003,https://www.youtube.com/watch?v=fcyUO7khBw0
The Morning Stream 2005 Fixed,https://www.youtube.com/watch?v=5J_Ixj2pjqQ
The Morning Stream 2006,https://www.youtube.com/watch?v=HEL4sOcG8yU
The Morning Stream 2007,https://www.youtube.com/watch?v=gihXtwXx1iY
The Morning Stream 2008,https://www.youtube.com/watch?v=FAZ0DCQ8jqo
The Morning Stream 2009,https://www.youtube.com/watch?v=doZjg-F8ZqA
The Morning Stream 2018,https://www.youtube.com/watch?v=xIqRGU95oEw
The Morning Stream 2025,https://www.youtube.com/watch?v=h8udLsfjV94
The Morning Stream 2027,https://www.youtube.com/watch?v=vxs3yA8_JF4
The Morning Stream 2028,https://www.youtube.com/watch?v=ZBoPdy739Xg
The Morning Stream 2029,https://www.youtube.com/watch?v=8pqTpQRuOss
The Morning Stream 2030,https://www.youtube.com/watch?v=qk5MSmeTfVU
The Morning Stream 2031,https://www.youtube.com/watch?v=iDX7qYq3eeQ
The Morning Stream 2032,https://www.youtube.com/watch?v=Usj5YdhkTM8
The Morning Stream 2033,https://www.youtube.com/watch?v=YimtUzTU-mg
The Morning Stream 2034,https://www.youtube.com/watch?v=HAgSK4G9BoY
The Morning Stream 2035,https://www.youtube.com/watch?v=M526Oow6tnw
The Morning Stream 2036,https://www.youtube.com/watch?v=rIgQ5pK5ykw
The Morning Stream 2037,https://www.youtube.com/watch?v=-Sshl9VwvLk
The Morning Stream 2038,https://www.youtube.com/watch?v=TwzL1BbvmME
The Morning Stream 2039,https://www.youtube.com/watch?v=bbkwy1PP1sE
The Morning Stream 2040,https://www.youtube.com/watch?v=KXJ0UToznxg
The Morning Stream 2041,https://www.youtube.com/watch?v=-N50PGt3OTk
The Morning Stream 2042,https://www.youtube.com/watch?v=tMqJMwdKb4g
The Morning Stream 2043,https://www.youtube.com/watch?v=S_zQzfLvkik
The Morning Stream 2044,https://www.youtube.com/watch?v=N8eZNKuaepU
The Morning Stream 2045,https://www.youtube.com/watch?v=uutM_5kTNKI
The Morning Stream 2046,https://www.youtube.com/watch?v=2qR0lU5nrrY
The Morning Stream 2047,https://www.youtube.com/watch?v=JehIwwmZO98
The Morning Stream 2048,https://www.youtube.com/watch?v=OTKOV8Tx7vE
The Morning Stream 2050,https://www.youtube.com/watch?v=YhXP3mIUAHU
The Morning Stream 2051,https://www.youtube.com/watch?v=z-grPwM87G8
The Morning Stream 2052,https://www.youtube.com/watch?v=DQKJd6i1KHM
The Morning Stream 2053,https://www.youtube.com/watch?v=NC6emmm6XAs
The Morning Stream 2054,https://www.youtube.com/watch?v=N5kfFGOoSeU
The Morning Stream 2055,https://www.youtube.com/watch?v=qOaGqVyi8GU
The Morning Stream 2056,https://www.youtube.com/watch?v=36IX84wSSR8
The Morning Stream 2057,https://www.youtube.com/watch?v=pOWUV1lDt-I
The Morning Stream 2058,https://www.youtube.com/watch?v=_qTlS53UxCg
The Morning Stream 2059,https://www.youtube.com/watch?v=Bhpia98JSWY
The Morning Stream 2060,https://www.youtube.com/watch?v=L1y_wbYsM4Y
The Morning Stream 2061,https://www.youtube.com/watch?v=-p4JjEpUujY
The Morning Stream 2062,https://www.youtube.com/watch?v=kUos3p3vCow
The Morning Stream 2063,https://www.youtube.com/watch?v=Mpe5igemF4U
The Morning Stream 2064,https://www.youtube.com/watch?v=5i0wUpB0K5M
The Morning Stream 2065,https://www.youtube.com/watch?v=jvqEd2laK5o
The Morning Stream 2066,https://www.youtube.com/watch?v=yQabUbVk1Tw
The Morning Stream 2067,https://www.youtube.com/watch?v=NI2V2DbFrXs
The Morning Stream 2068,https://www.youtube.com/watch?v=oFAQvd1pSOk
The Morning Stream 2069,https://www.youtube.com/watch?v=BanflvyxTpQ
The Morning Stream 2070,https://www.youtube.com/watch?v=bUn7EVl-9rA
The Morning Stream 2071,https://www.youtube.com/watch?v=VKUcx44JaOY
The Morning Stream 2072,https://www.youtube.com/watch?v=nj0_5A_q7As
The Morning Stream 2073,https://www.youtube.com/watch?v=ycHi7yZ_Gyo
The Morning Stream 2074,https://www.youtube.com/watch?v=kXR5f7BbdlM
The Morning Stream 2075,https://www.youtube.com/watch?v=z1v61_oWuGg
The Morning Stream 2076,https://www.youtube.com/watch?v=_FOJ_RULpi4
The Morning Stream 2078,https://www.youtube.com/watch?v=-qceILY9wkU
The Morning Stream 2079,https://www.youtube.com/watch?v=HiQ4B1D5xws
The Morning Stream 2080,https://www.youtube.com/watch?v=ClJhFG4IpUc
The Morning Stream 2081,https://www.youtube.com/watch?v=IwUxXJlEwks
The Morning Stream 2082,https://www.youtube.com/watch?v=VHEcfrRN7Ig
The Morning Stream 2083,https://www.youtube.com/watch?v=cad54WYBWXA
The Morning Stream 2084,https://www.youtube.com/watch?v=JNoGVgpxnQ8
The Morning Stream 2085,https://www.youtube.com/watch?v=Fei0_RS0YHQ
The Morning Stream 2086,https://www.youtube.com/watch?v=kUDo_ayHm3k
The Morning Stream 2087,https://www.youtube.com/watch?v=s2tgajV3r0g
The Morning Stream 2088,https://www.youtube.com/watch?v=KH9TX6Zah34
The Morning Stream 2089,https://www.youtube.com/watch?v=TUCRi1gGstQ
The Morning Stream 2090,https://www.youtube.com/watch?v=F-TtsyVtt4U
TMS 2091,https://www.youtube.com/watch?v=r3JUu8QpHto
The Morning Stream 2092,https://www.youtube.com/watch?v=HSGDlb2LsN4
The Morning Stream 2093,https://www.youtube.com/watch?v=YOm1GRLp8e8
The Morning Stream 2094,https://www.youtube.com/watch?v=AWsp5JJWAiU
The Morning Stream 2095,https://www.youtube.com/watch?v=4YLrlauJl-s
The Morning Stream 2096,https://www.youtube.com/watch?v=2wdc9u7PAEk
The Morning Stream 2097,https://www.youtube.com/watch?v=NZnG8Qk-jgw
The Morning Stream 2098,https://www.youtube.com/watch?v=jW2B1EuRnHY
The Morning Stream 2099,https://www.youtube.com/watch?v=FT7ihh5owaA
The Morning Stream 2101,https://www.youtube.com/watch?v=T-RDovgz6nw
TMS 2102: Katherine Heprin,https://www.youtube.com/watch?v=k4CWLcAel8c
The Morning Stream 2103,https://www.youtube.com/watch?v=k7rV5iR4ZQI
TMS 2104: Jeff's Kiss!,https://www.youtube.com/watch?v=ykEJ_rcEOP0
The Morning Stream 2105,https://www.youtube.com/watch?v=uMTv1cnRhkw
The Morning Stream 2106,https://www.youtube.com/watch?v=zdWRJlJwGWA
The Morning Stream 2107,https://www.youtube.com/watch?v=WLW7aV8Nq34
The Morning Stream 2108,https://www.youtube.com/watch?v=PWMZNfNK8no
TMS 2109: Glape Suzette,https://www.youtube.com/watch?v=mn6q5r1nt4A
The Morning Stream 2110,https://www.youtube.com/watch?v=ElgjSQwCvvQ
The Morning Stream 2111,https://www.youtube.com/watch?v=tNWNMrwej9M
The Morning Stream 2112,https://www.youtube.com/watch?v=H-d4u9oJPmM
The Morning Stream 2113,https://www.youtube.com/watch?v=Cn56Px0LND0
The Morning Stream 2114,https://www.youtube.com/watch?v=GLJZbb5aJHM
The Morning Stream 2115,https://www.youtube.com/watch?v=6Ir4N-6LeGA
The Morning Stream 2116,https://www.youtube.com/watch?v=HugnqHJflh4
The Morning Stream 2117,https://www.youtube.com/watch?v=Rp9fRDaEhJE
The Morning Stream 2118,https://www.youtube.com/watch?v=beR4l7_u0SE
The Morning Stream 2119,https://www.youtube.com/watch?v=UGLdi0oPhPQ
The Morning Stream 2120,https://www.youtube.com/watch?v=bDoXTI01pn8
The Morning Stream 2121,https://www.youtube.com/watch?v=0ojhbiGhzmg
The Morning Stream 2122,https://www.youtube.com/watch?v=UuQCYCyH2o4
The Morning Stream 2123,https://www.youtube.com/watch?v=buGU-qnHlqw
The Morning Stream 2124,https://www.youtube.com/watch?v=Vl9U_JrwyG8
The Morning Stream 2125,https://www.youtube.com/watch?v=7gtG6qiQDak
The Morning Stream 2126,https://www.youtube.com/watch?v=pjd5_YrAuio
The Morning Stream 2127,https://www.youtube.com/watch?v=kIikdpWQ37o
The Morning Stream 2128,https://www.youtube.com/watch?v=i8bhbKne_1A
The Morning Stream 2129,https://www.youtube.com/watch?v=cMpbZ3AO-qs
The Morning Stream 2130,https://www.youtube.com/watch?v=0GgJpZ1pxSI
The Morning Stream 2131,https://www.youtube.com/watch?v=vWL1zn3_Tnc
The Morning Stream 2132,https://www.youtube.com/watch?v=8D-nxWT1b2k
The Morning Stream 2133,https://www.youtube.com/watch?v=YkVDMUtGuGQ
The Morning Stream 2134,https://www.youtube.com/watch?v=OrbtEfgw_dw
The Morning Stream 2135,https://www.youtube.com/watch?v=znax9jS1k5k
TMS 2136: Don't Tickle Your Rat,https://www.youtube.com/watch?v=mxq1CyCkJYw
The Morning Stream 2137,https://www.youtube.com/watch?v=X9UwiCy7cvw
The Morning Stream 2138,https://www.youtube.com/watch?v=LYIph8t2Zqw
The Morning Stream 2139,https://www.youtube.com/watch?v=O6WA7RHZ6rg
The Morning Stream 2140,https://www.youtube.com/watch?v=TQ7OFwASuW0
The Morning Stream 2141,https://www.youtube.com/watch?v=QONvNaxaQ58
TMS 2142: Pig Wrecked em,https://www.youtube.com/watch?v=dKPlil4Rtko
The Morning Stream 2143,https://www.youtube.com/watch?v=G8MJi-zjbBU
TMS 2144: let’s do X together,https://www.youtube.com/watch?v=wE9gTsQQv1Q
TMS 2145: The Venus de Nipple,https://www.youtube.com/watch?v=9TVgUMnH_GM
TMS 2146: 404 blood sugar not found,https://www.youtube.com/watch?v=cJw5RTmZPdc
TMS 2147: Reverse Richard Dawson,https://www.youtube.com/watch?v=rtVA5OA3c4Q
TMS 2148: Cookie Sticks,https://www.youtube.com/watch?v=fEJIBk7DMSE
TMS 2149: Oppulent Lando,https://www.youtube.com/watch?v=-RawJnAXT3Y
TMS 2150: Vaguely Lincolnish!,https://www.youtube.com/watch?v=TAEa9_l_EgU
TMS 2151: Her Name Contains Earl,https://www.youtube.com/watch?v=knXFyoIw9oM
TMS 2152: Grapefruit Pencil Shavings and pesticide,https://www.youtube.com/watch?v=yTzYeKYEbPg
TMS 2153: There's A Smell And It's Not Good,https://www.youtube.com/watch?v=0nUfpwLu4ew
TMS 2154: Full Twerkle,https://www.youtube.com/watch?v=FCMoOsr56pY
TMS 2155: Sean Cheese,https://www.youtube.com/watch?v=g5Mzb0z-Iio
TMS 2160: Screw you Man-eater!,https://www.youtube.com/watch?v=jz3LEgs9N5c
"TMS 2162: She Gets a Tatu, not a Tattoo",https://www.youtube.com/watch?v=OseKI3cKht4
TMS 2163: Send Your Emails To 2012,https://www.youtube.com/watch?v=vTWxR-LSpMg
"TMS 2164: $5,000 Per Moron",https://www.youtube.com/watch?v=Dwr8RdDWgJE
TMS 2166: Stabby Noodles!,https://www.youtube.com/watch?v=QYrhXxyrXVM
TMS 2169: Battery Paranoid,https://www.youtube.com/watch?v=GY4HY2PVhdY
TMS 2170: Happy little sex tape,https://www.youtube.com/watch?v=vZ6ym4e77tw
TMS 2172: Gin-Swilling Firecracker,https://www.youtube.com/watch?v=wXPqIT2NThQ
TMS 2174: Taco Del Ariana Grande,https://www.youtube.com/watch?v=5dX5QKSDsyU
TMS 2178: Who's Peeing?,https://www.youtube.com/watch?v=3i-PH7DcEs4
TMS 2179: Mud Blood Hut,https://www.youtube.com/watch?v=gycdR4JK0pM
TMS 2180: Hey Mr. Tambourine Monk,https://www.youtube.com/watch?v=lkflagSGMrk
TMS 2182: Ann Hyphen Margaret.,https://www.youtube.com/watch?v=uwJM8OPU160
TMS 2183: 10-4 Wet Noodle,https://www.youtube.com/watch?v=ewdlLyJUn_w
TMS 2184: This Podcast is SO Gross,https://www.youtube.com/watch?v=MlfkOtAhHWY
TMS 2185: Simon & Simon & Garfunkel,https://www.youtube.com/watch?v=2IqrOAJh8pc
TMS 2188: That Place Nose What They Are Doing.,https://www.youtube.com/watch?v=GJs0Llng4no
TMS 2191: White People Spicy,https://www.youtube.com/watch?v=sAMdF7X-Or4
TMS 2192: No Kibble. All Bits.,https://www.youtube.com/watch?v=GXN8nLNfNE8
TMS 2193: Chockit Mewt!,https://www.youtube.com/watch?v=DL-cHmSdigQ
TMS 2195: Please Cooperate Me,https://www.youtube.com/watch?v=Bzax6uG7bUk
TMS 2196: GumLick,https://www.youtube.com/watch?v=sjmAOcOLOW4
TMS 2201: Larger-Format Grapes,https://www.youtube.com/watch?v=OWpg7W06BIU
TMS 2204: Such a Boney Bird,https://www.youtube.com/watch?v=xiGDfGRr14g
"TMS 2205: What do you need, dude?",https://www.youtube.com/watch?v=PSSOcoxKKmQ
TMS 2206: Bad Phlebotomist,https://www.youtube.com/watch?v=YlmzQxreaqU
"The Morning Stream 2208 Part 1: Dude, you're getting Adele!",https://www.youtube.com/watch?v=bq-IbaapwJg
TMS 2209: Fun with Tucky,https://www.youtube.com/watch?v=HzFtzEbf6aI
"TMS 2211: Dude, where's my show?",https://www.youtube.com/watch?v=ol7I1qU5qfk
TMS 2212: Jackson Polyp,https://www.youtube.com/watch?v=UYUWJD-EPPk
TMS 2213: Aggressive Swabbage,https://www.youtube.com/watch?v=tjdQnE19-j8
TMS 2214: Cusspants,https://www.youtube.com/watch?v=v3fh3vFWnyI
TMS 2215: I Say To Thee NEIGH!!!,https://www.youtube.com/watch?v=exAwviFDBoQ
TMS 2218: Bjork Sandler,https://www.youtube.com/watch?v=6ODJNsLaujs
TMS 2221: Zendaya Mondatta,https://www.youtube.com/watch?v=wwDc12Zhftw
TMS 2222: Red Matter In The Hole,https://www.youtube.com/watch?v=az7LA6ZIVf0
TMS 2225: LikTok,https://www.youtube.com/watch?v=qoOd946BrK4
TMS 2227: Fartrepreneur,https://www.youtube.com/watch?v=BeK0EuU_Nxw
TMS 2228: Boba Fanta,https://www.youtube.com/watch?v=sfBCZggXKM4
TMS 2229: YOU SHALL TACO PASS!!,https://www.youtube.com/watch?v=VQblUTCCwGU
TMS 2230: Popcorn Zombies,https://www.youtube.com/watch?v=BbZzFeRe2cM
TMS 2232: Peeza Hutt,https://www.youtube.com/watch?v=Wtkff_flSBk
TMS 2233: Koi Are Carp,https://www.youtube.com/watch?v=SfSCMPpf5KM
TMS 2234: Massive Monkey Gangs!!,https://www.youtube.com/watch?v=gdZqXnzX9p0
TMS 2236: Governor Burps-A-Lot,https://www.youtube.com/watch?v=sj51zjl1iIc
TMS 2239: Holy Spit!,https://www.youtube.com/watch?v=-5RUy5u5NRQ
TMS 2240: SHOW ME FLESH!,https://www.youtube.com/watch?v=WCLaFcS4BpQ
TMS 2245: DEMAND RICE,https://www.youtube.com/watch?v=wzUWs4i-Xd0
TMS 2248: Hairy Ass Truman,https://www.youtube.com/watch?v=MvX9ADrvbR0
TMS 2252: Dough-mestic Dispute,https://www.youtube.com/watch?v=sZSt9hJ62HY
TMS 2253: Growing In the Mullet Region,https://www.youtube.com/watch?v=NI53ZY-Tjz0
TMS 2255: Don't trust the Corn Nut,https://www.youtube.com/watch?v=VvK1BkgIDmA
TMS 2256: The Platinum Jubbly,https://www.youtube.com/watch?v=t5ZCHVebNMs
TMS 2259: Fight Big Snow,https://www.youtube.com/watch?v=xuTK0wEGm-I
TMS 2261: Rank Fish,https://www.youtube.com/watch?v=pLyNKK4yOek
TMS 2262: Down Goes the Boogery One,https://www.youtube.com/watch?v=vkKe9-SeBH4
TMS 2263: It's Not A Tuber!,https://www.youtube.com/watch?v=8t2YTGcfvI0
TMS 2265: It's a Go for Goo!,https://www.youtube.com/watch?v=slV1zEhs2hE
TMS 2266: There's No Place Like Gnome,https://www.youtube.com/watch?v=YHDJpiBE_nk
TMS 2268: Edible Luster Dust!,https://www.youtube.com/watch?v=6UsmISWxcys
TMS 2269: Noodle Duty,https://www.youtube.com/watch?v=mnMcpq3pXPo
TMS 2270: Wong Ratzenberger,https://www.youtube.com/watch?v=ZmAhUe0WuiI
TMS 2271: Beets Are Made Of Farts,https://www.youtube.com/watch?v=PRwIDmdpKrA
TMS 2273: HelloKittyPEZ?,https://www.youtube.com/watch?v=cCh2a3mS7fg
TMS 2275: Beef Lube,https://www.youtube.com/watch?v=KxLxMBFVEr8
TMS 2276: Chips and Nips,https://www.youtube.com/watch?v=21QhEAcekBM
TMS 2280: Section 8 Peaches,https://www.youtube.com/watch?v=Vu1nQi6jTiE
The Morning Stream 2281,https://www.youtube.com/watch?v=nBHYyn8iRAU
TMS 2282: Hairless Uggs,https://www.youtube.com/watch?v=QLPgtoQX_Lo
TMS 2284: Truman Show Face,https://www.youtube.com/watch?v=CelJZQXEDdo
TMS 2285: Asterods Deloxe,https://www.youtube.com/watch?v=kpnpl-dJWeI
The Morning Stream 2288,https://www.youtube.com/watch?v=sKLWl-wbSmE
TMS 2290: Pope Fiction,https://www.youtube.com/watch?v=vrB4lavn04g
TMS 2291: ShawShake Redemption,https://www.youtube.com/watch?v=RZPn0_2lIRQ
TMS 2294: Han Hacked First,https://www.youtube.com/watch?v=nQGgEpS9_RI
TMS 2295: Distracting Extraction,https://www.youtube.com/watch?v=5dwlge7eQHA
TMS 2296: I've Seen Its Crack Part 1,https://www.youtube.com/watch?v=qzYJSj2Jk38
The Morning Stream 2300,https://www.youtube.com/watch?v=kg-vsnZBkh4
TMS 2301: Carcalepsy,https://www.youtube.com/watch?v=V3tPjqWkdhg
TMS 2302: The Beef Chicken Ratio,https://www.youtube.com/watch?v=R5R7flA8Q4Y
TMS 2304: Yellow Simmons,https://www.youtube.com/watch?v=X_pvMcBB2-I
TMS 2307: Fame Monsters,https://www.youtube.com/watch?v=TGkgXO-ExWg
TMS 2311: Swamp Water Slurpee,https://www.youtube.com/watch?v=AM4xJMpQ0OE
TMS 2313: Whispers of the Sheep,https://www.youtube.com/watch?v=tDQogyGBz0w
TMS 2315: Wax N Vax,https://www.youtube.com/watch?v=tWBdhC8qhnk
TMS 2320: For why?,https://www.youtube.com/watch?v=JOUkuPV6RlQ
TMS 2323: A Sting from Bee-Hind,https://www.youtube.com/watch?v=-2WOr1k8eSk
TMS 2324: Burper Phone,https://www.youtube.com/watch?v=KsY1fD0Rf70
TMS 2328: Dual Duel,https://www.youtube.com/watch?v=3NWd_T-Fw_I
TMS 2330: Cat Bus!,https://www.youtube.com/watch?v=HC9bsRCgnZQ
TMS 2335: Forever Moops,https://www.youtube.com/watch?v=begga-RVQ-4
TMS 2337: Who Runs Duck Town?,https://www.youtube.com/watch?v=dcrQE067mPk
The Morning Stream 2339 Part One,https://www.youtube.com/watch?v=AjOlBqO1vYo
TMS 2348: Octa-Canarians,https://www.youtube.com/watch?v=rt8bOaEQF4M
TMS 2349: Welcome to Clown Town,https://www.youtube.com/watch?v=8DNCQ481RR8
TMS 2353: Taco Hell,https://www.youtube.com/watch?v=y1TfBfDrjJE
TMS 2354: Click the Monkey!,https://www.youtube.com/watch?v=6CnRuUQr-hc
TMS 2355: Cow Choke Point,https://www.youtube.com/watch?v=Chj720DP52k
TMS 2356: Explain your pants,https://www.youtube.com/watch?v=OzQ04TnW8qk
TMS 2359: Zero points of articulation,https://www.youtube.com/watch?v=xgF5aas67L0
TMS 2362: Chicken Fork,https://www.youtube.com/watch?v=kVBxysQVjxc
TMS 2364: Curbside Soul Delivery,https://www.youtube.com/watch?v=6PkyW88EEAA
TMS 2365: No One Wants Hungry Greasy Turkey,https://www.youtube.com/watch?v=AIEFlr0l3gM
TMS 2366: Oops All Viagra,https://www.youtube.com/watch?v=V9wNO3mKHZM
TMS 2372: Schmo?,https://www.youtube.com/watch?v=V1SU5Cfbf5I
TMS 2380: Sopranosaurus,https://www.youtube.com/watch?v=MVmZONKzJZk
TMS 2383: Mistakes on a Plane,https://www.youtube.com/watch?v=dDAh79yJJNM
TMS 2391: Dingly Dangly Dongle,https://www.youtube.com/watch?v=Tsdy_oZTHJY
TMS 2393: How chunky is the Monkey,https://www.youtube.com/watch?v=HVg6Ckg6X6E
TMS 2395: Zamboni the Vampire,https://www.youtube.com/watch?v=YR2_jD46XAQ
TMS 2399: Dr. Tobias Aturn,https://www.youtube.com/watch?v=kiFr6VRzp8k
TMS 2401: Potato C.H.I.P.S.,https://www.youtube.com/watch?v=52MAYExW_CM
TMS 2402: Bjork Irritation,https://www.youtube.com/watch?v=InmbL5J4aqI
MS 2423: How I Met Your Matcha,https://www.youtube.com/watch?v=LrKwHf5cuY0
TMS 2424: Cocaine Dingos,https://www.youtube.com/watch?v=W_BPTMAOHwk
TMS 2429: Just suck em,https://www.youtube.com/watch?v=Y-co0xQoPRw
TMS 2434: My Newt Minute,https://www.youtube.com/watch?v=SSeRVC8b3OQ
TMS 2435: Nacho Nacho Wins!,https://www.youtube.com/watch?v=6E9VmyNbBVc
TMS 2436: Traumatized Batman Resin Sculpture,https://www.youtube.com/watch?v=_S3jq9hiYkA
TMS 2444: Passive Aggressive Bingo,https://www.youtube.com/watch?v=ORfb_KDSlwg
TMS 2449: The H is Silent,https://www.youtube.com/watch?v=cUN7GLpBH9Q
TMS 2451: Dog Spurt,https://www.youtube.com/watch?v=y-dN5p97DxI
TMS 2558: BURMP!,https://www.youtube.com/watch?v=vF2BMI8LL_o
